actual_profit,ask,bid,closed,date,deal,ecc,entry_ema,etf,expected_profit,fast_ema,name,order,price,rr,slow_ema,symbol,tcc,time,trend,ttf,volume,win
-7.61,0,0,TRUE,24/01/2024,0,600,5,M1,19.01,8,FingerTrap,1168090003,0,2.5,20,USDCAD-T,50,55:00.6,3,M5,0.16,FALSE
11.4,0,0,TRUE,24/01/2024,0,600,5,M1,11.41,8,FingerTrap,1168090004,0,1.5,20,USDCAD-T,50,01:55:01,3,M5,0.16,TRUE
-7.61,0,0,TRUE,24/01/2024,0,600,5,M1,15.21,8,FingerTrap,1168090005,0,2,20,USDCAD-T,50,55:01.0,3,M5,0.16,FALSE
-7.6,0,0,TRUE,24/01/2024,0,600,5,M1,19,8,FingerTrap,1168090007,0,2.5,20,AUDUSD-T,50,55:01.0,3,M5,0.19,FALSE
11.4,0,0,TRUE,24/01/2024,0,600,5,M1,11.4,8,FingerTrap,1168090008,0,1.5,20,AUDUSD-T,50,01:55:01,3,M5,0.19,TRUE
15.2,0,0,TRUE,24/01/2024,0,600,5,M1,15.2,8,FingerTrap,1168090010,0,2,20,AUDUSD-T,50,01:55:01,3,M5,0.19,TRUE
-8.27,0,0,TRUE,24/01/2024,0,600,5,M1,18.91,8,FingerTrap,1168090111,0,2.5,20,USDJPY-T,50,02:00.5,3,M5,0.35,FALSE
-8.27,0,0,TRUE,24/01/2024,0,600,5,M1,11.35,8,FingerTrap,1168090112,0,1.5,20,USDJPY-T,50,02:00.6,3,M5,0.35,FALSE
-8.27,0,0,TRUE,24/01/2024,0,600,5,M1,15.13,8,FingerTrap,1168090113,0,2,20,USDJPY-T,50,02:00.7,3,M5,0.35,FALSE
-7.56,0,0,TRUE,24/01/2024,0,600,5,M1,18,8,FingerTrap,1168090119,0,2.5,20,AUDUSD-T,50,03:00.4,3,M5,0.18,FALSE
10.98,0,0,TRUE,24/01/2024,0,600,5,M1,10.8,8,FingerTrap,1168090120,0,1.5,20,AUDUSD-T,50,02:03:00,3,M5,0.18,TRUE
14.58,0,0,TRUE,24/01/2024,0,600,5,M1,14.4,8,FingerTrap,1168090121,0,2,20,AUDUSD-T,50,02:03:01,3,M5,0.18,TRUE
-7.2,0,0,TRUE,24/01/2024,0,600,5,M1,18,8,FingerTrap,1168090214,0,2.5,20,GBPUSD-T,50,07:00.4,3,M5,0.18,FALSE
-7.2,0,0,TRUE,24/01/2024,0,600,5,M1,18,8,FingerTrap,1168090213,0,2.5,20,AUDUSD-T,50,07:00.4,3,M5,0.18,FALSE
-7.2,0,0,TRUE,24/01/2024,0,600,5,M1,10.8,8,FingerTrap,1168090215,0,1.5,20,GBPUSD-T,50,07:00.5,3,M5,0.18,FALSE
-7.2,0,0,TRUE,24/01/2024,0,600,5,M1,14.4,8,FingerTrap,1168090217,0,2,20,GBPUSD-T,50,07:00.6,3,M5,0.18,FALSE
11.34,0,0,TRUE,24/01/2024,0,600,5,M1,10.8,8,FingerTrap,1168090216,0,1.5,20,AUDUSD-T,50,02:07:01,3,M5,0.18,TRUE
14.4,0,0,TRUE,24/01/2024,0,600,5,M1,14.4,8,FingerTrap,1168090218,0,2,20,AUDUSD-T,50,02:07:01,3,M5,0.18,TRUE
-7.35,0,0,TRUE,24/01/2024,0,600,5,M1,18.37,8,FingerTrap,1168090233,0,2.5,20,USDJPY-T,50,10:00.6,3,M5,0.34,FALSE
-7.12,0,0,TRUE,24/01/2024,0,600,5,M1,11.02,8,FingerTrap,1168090234,0,1.5,20,USDJPY-T,50,10:00.6,3,M5,0.34,FALSE
-7.12,0,0,TRUE,24/01/2024,0,600,5,M1,14.7,8,FingerTrap,1168090235,0,2,20,USDJPY-T,50,10:00.8,3,M5,0.34,FALSE
-7.6,0,0,TRUE,24/01/2024,0,600,5,M1,19,8,FingerTrap,1168090487,0,2.5,20,GBPUSD-T,50,19:00.3,3,M5,0.19,FALSE
-7.6,0,0,TRUE,24/01/2024,0,600,5,M1,11.4,8,FingerTrap,1168090489,0,1.5,20,GBPUSD-T,50,19:00.4,3,M5,0.19,FALSE
-7.6,0,0,TRUE,24/01/2024,0,600,5,M1,15.2,8,FingerTrap,1168090490,0,2,20,GBPUSD-T,50,19:00.5,3,M5,0.19,FALSE
-7.41,0,0,TRUE,24/01/2024,0,600,5,M1,19,8,FingerTrap,1168090504,0,2.5,20,AUDUSD-T,50,20:00.4,3,M5,0.19,FALSE
-7.41,0,0,TRUE,24/01/2024,0,600,5,M1,11.4,8,FingerTrap,1168090505,0,1.5,20,AUDUSD-T,50,20:00.5,3,M5,0.19,FALSE
-7.41,0,0,TRUE,24/01/2024,0,600,5,M1,15.2,8,FingerTrap,1168090507,0,2,20,AUDUSD-T,50,20:00.6,3,M5,0.19,FALSE
-7.13,0,0,TRUE,24/01/2024,0,600,5,M1,19,8,FingerTrap,1168090510,0,2.5,20,USDCAD-T,50,20:00.8,3,M5,0.16,FALSE
-7.37,0,0,TRUE,24/01/2024,0,600,5,M1,11.4,8,FingerTrap,1168090512,0,1.5,20,USDCAD-T,50,20:00.8,3,M5,0.16,FALSE
-7.37,0,0,TRUE,24/01/2024,0,600,5,M1,15.2,8,FingerTrap,1168090513,0,2,20,USDCAD-T,50,20:00.9,3,M5,0.16,FALSE
-7.6,0,0,TRUE,24/01/2024,0,600,5,M1,19,8,FingerTrap,1168090509,0,2.5,20,GBPUSD-T,50,20:01.0,3,M5,0.19,FALSE
-7.6,0,0,TRUE,24/01/2024,0,600,5,M1,11.4,8,FingerTrap,1168090514,0,1.5,20,GBPUSD-T,50,20:01.2,3,M5,0.19,FALSE
-7.6,0,0,TRUE,24/01/2024,0,600,5,M1,15.2,8,FingerTrap,1168090516,0,2,20,GBPUSD-T,50,20:01.3,3,M5,0.19,FALSE
-7.98,0,0,TRUE,24/01/2024,0,600,5,M1,19,8,FingerTrap,1168090636,0,2.5,20,GBPUSD-T,50,27:00.2,3,M5,0.19,FALSE
-7.79,0,0,TRUE,24/01/2024,0,600,5,M1,11.4,8,FingerTrap,1168090637,0,1.5,20,GBPUSD-T,50,27:00.4,3,M5,0.19,FALSE
-7.79,0,0,TRUE,24/01/2024,0,600,5,M1,15.2,8,FingerTrap,1168090638,0,2,20,GBPUSD-T,50,27:00.4,3,M5,0.19,FALSE
-7.6,0,0,TRUE,24/01/2024,0,600,5,M1,19,8,FingerTrap,1168090652,0,2.5,20,USDCAD-T,50,30:00.9,3,M5,0.16,FALSE
-7.6,0,0,TRUE,24/01/2024,0,600,5,M1,11.4,8,FingerTrap,1168090653,0,1.5,20,USDCAD-T,50,30:01.0,3,M5,0.16,FALSE
-7.6,0,0,TRUE,24/01/2024,0,600,5,M1,15.2,8,FingerTrap,1168090655,0,2,20,USDCAD-T,50,30:01.1,3,M5,0.16,FALSE
-7.6,0,0,TRUE,24/01/2024,0,600,5,M1,19,8,FingerTrap,1168090651,0,2.5,20,AUDUSD-T,50,30:01.1,3,M5,0.19,FALSE
-7.6,0,0,TRUE,24/01/2024,0,600,5,M1,11.4,8,FingerTrap,1168090657,0,1.5,20,AUDUSD-T,50,30:01.2,3,M5,0.19,FALSE
-7.6,0,0,TRUE,24/01/2024,0,600,5,M1,15.2,8,FingerTrap,1168090659,0,2,20,AUDUSD-T,50,30:01.3,3,M5,0.19,FALSE
-7.9,0,0,TRUE,24/01/2024,0,600,5,M1,19,8,FingerTrap,1168090683,0,2.5,20,NZDUSD-T,50,33:00.3,3,M5,0.1,FALSE
-7.9,0,0,TRUE,24/01/2024,0,600,5,M1,11.4,8,FingerTrap,1168090685,0,1.5,20,NZDUSD-T,50,33:00.3,3,M5,0.1,FALSE
-7.9,0,0,TRUE,24/01/2024,0,600,5,M1,15.2,8,FingerTrap,1168090686,0,2,20,NZDUSD-T,50,33:00.4,3,M5,0.1,FALSE
-7.6,0,0,TRUE,24/01/2024,0,600,5,M1,19,8,FingerTrap,1168090796,0,2.5,20,USDCAD-T,50,42:00.3,3,M5,0.16,FALSE
-7.6,0,0,TRUE,24/01/2024,0,600,5,M1,11.4,8,FingerTrap,1168090797,0,1.5,20,USDCAD-T,50,42:00.4,3,M5,0.16,FALSE
-7.6,0,0,TRUE,24/01/2024,0,600,5,M1,15.2,8,FingerTrap,1168090798,0,2,20,USDCAD-T,50,42:00.5,3,M5,0.16,FALSE
-5.62,0,0,TRUE,24/01/2024,0,600,5,M1,17.28,8,FingerTrap,1168091066,0,2.5,20,USDJPY-T,50,00:01.4,3,M5,0.32,FALSE
-5.62,0,0,TRUE,24/01/2024,0,600,5,M1,10.37,8,FingerTrap,1168091069,0,1.5,20,USDJPY-T,50,00:02.0,3,M5,0.32,FALSE
-6.91,0,0,TRUE,24/01/2024,0,600,5,M1,13.83,8,FingerTrap,1168091074,0,2,20,USDJPY-T,50,00:02.1,3,M5,0.32,FALSE
-7.13,0,0,TRUE,24/01/2024,0,600,5,M1,17.83,8,FingerTrap,1168091165,0,2.5,20,USDJPY-T,50,05:00.4,3,M5,0.33,FALSE
-7.13,0,0,TRUE,24/01/2024,0,600,5,M1,10.7,8,FingerTrap,1168091168,0,1.5,20,USDJPY-T,50,05:00.5,3,M5,0.33,FALSE
-6.46,0,0,TRUE,24/01/2024,0,600,5,M1,14.26,8,FingerTrap,1168091170,0,2,20,USDJPY-T,50,05:00.6,3,M5,0.33,FALSE
-6.44,0,0,TRUE,24/01/2024,0,600,5,M1,16.62,8,FingerTrap,1168091309,0,2.5,20,USDCAD-T,50,13:00.3,3,M5,0.14,FALSE
-6.44,0,0,TRUE,24/01/2024,0,600,5,M1,9.97,8,FingerTrap,1168091312,0,1.5,20,USDCAD-T,50,13:00.4,3,M5,0.14,FALSE
-6.44,0,0,TRUE,24/01/2024,0,600,5,M1,13.3,8,FingerTrap,1168091314,0,2,20,USDCAD-T,50,13:00.5,3,M5,0.14,FALSE
17.68,0,0,TRUE,24/01/2024,0,600,5,M1,17,8,FingerTrap,1168091367,0,2.5,20,GBPUSD-T,50,03:15:01,3,M5,0.17,TRUE
10.54,0,0,TRUE,24/01/2024,0,600,5,M1,10.2,8,FingerTrap,1168091370,0,1.5,20,GBPUSD-T,50,03:15:01,3,M5,0.17,TRUE
13.94,0,0,TRUE,24/01/2024,0,600,5,M1,13.6,8,FingerTrap,1168091372,0,2,20,GBPUSD-T,50,03:15:01,3,M5,0.17,TRUE
-6.27,0,0,TRUE,24/01/2024,0,600,5,M1,15.66,8,FingerTrap,1168091476,0,2.5,20,USDJPY-T,50,20:00.4,3,M5,0.29,FALSE
-6.27,0,0,TRUE,24/01/2024,0,600,5,M1,9.4,8,FingerTrap,1168091477,0,1.5,20,USDJPY-T,50,20:00.4,3,M5,0.29,FALSE
-6.27,0,0,TRUE,24/01/2024,0,600,5,M1,12.53,8,FingerTrap,1168091478,0,2,20,USDJPY-T,50,20:00.5,3,M5,0.29,FALSE
-6.5,0,0,TRUE,24/01/2024,0,600,5,M1,15,8,FingerTrap,1168091503,0,2.5,20,EURUSD-T,50,24:00.2,3,M5,0.5,FALSE
-7,0,0,TRUE,24/01/2024,0,600,5,M1,9,8,FingerTrap,1168091504,0,1.5,20,EURUSD-T,50,24:00.3,3,M5,0.5,FALSE
-7,0,0,TRUE,24/01/2024,0,600,5,M1,12,8,FingerTrap,1168091505,0,2,20,EURUSD-T,50,24:00.4,3,M5,0.5,FALSE
-5.23,0,0,TRUE,24/01/2024,0,600,5,M1,13.06,8,FingerTrap,1168091841,0,2.5,20,USDCAD-T,50,45:00.8,3,M5,0.11,FALSE
-5.23,0,0,TRUE,24/01/2024,0,600,5,M1,7.84,8,FingerTrap,1168091842,0,1.5,20,USDCAD-T,50,45:00.9,3,M5,0.11,FALSE
-5.23,0,0,TRUE,24/01/2024,0,600,5,M1,10.45,8,FingerTrap,1168091843,0,2,20,USDCAD-T,50,45:01.0,3,M5,0.11,FALSE
-5.36,0,0,TRUE,24/01/2024,0,600,5,M1,12.99,8,FingerTrap,1168092190,0,2.5,20,USDJPY-T,50,00:01.6,3,M5,0.24,FALSE
-5.2,0,0,TRUE,24/01/2024,0,600,5,M1,7.79,8,FingerTrap,1168092191,0,1.5,20,USDJPY-T,50,00:01.8,3,M5,0.24,FALSE
-5.03,0,0,TRUE,24/01/2024,0,600,5,M1,10.39,8,FingerTrap,1168092192,0,2,20,USDJPY-T,50,00:02.0,3,M5,0.24,FALSE
-4.75,0,0,TRUE,24/01/2024,0,600,5,M1,11.87,8,FingerTrap,1168092251,0,2.5,20,USDCAD-T,50,06:00.3,3,M5,0.1,FALSE
-4.75,0,0,TRUE,24/01/2024,0,600,5,M1,7.12,8,FingerTrap,1168092252,0,1.5,20,USDCAD-T,50,06:00.4,3,M5,0.1,FALSE
-4.75,0,0,TRUE,24/01/2024,0,600,5,M1,9.5,8,FingerTrap,1168092253,0,2,20,USDCAD-T,50,06:00.5,3,M5,0.1,FALSE
12.24,0,0,TRUE,24/01/2024,0,600,5,M1,12,8,FingerTrap,1168092296,0,2.5,20,GBPUSD-T,50,04:13:00,3,M5,0.12,TRUE
7.32,0,0,TRUE,24/01/2024,0,600,5,M1,7.2,8,FingerTrap,1168092297,0,1.5,20,GBPUSD-T,50,04:13:00,3,M5,0.12,TRUE
10.08,0,0,TRUE,24/01/2024,0,600,5,M1,9.6,8,FingerTrap,1168092298,0,2,20,GBPUSD-T,50,04:13:00,3,M5,0.12,TRUE
12.36,0,0,TRUE,24/01/2024,0,600,5,M1,12,8,FingerTrap,1168092308,0,2.5,20,GBPUSD-T,50,04:15:01,3,M5,0.12,TRUE
7.2,0,0,TRUE,24/01/2024,0,600,5,M1,7.2,8,FingerTrap,1168092309,0,1.5,20,GBPUSD-T,50,04:15:01,3,M5,0.12,TRUE
9.6,0,0,TRUE,24/01/2024,0,600,5,M1,9.6,8,FingerTrap,1168092310,0,2,20,GBPUSD-T,50,04:15:01,3,M5,0.12,TRUE
-4.83,0,0,TRUE,24/01/2024,0,600,5,M1,11.87,8,FingerTrap,1168092353,0,2.5,20,USDCAD-T,50,20:00.6,3,M5,0.1,FALSE
-4.83,0,0,TRUE,24/01/2024,0,600,5,M1,7.12,8,FingerTrap,1168092354,0,1.5,20,USDCAD-T,50,20:00.7,3,M5,0.1,FALSE
-4.83,0,0,TRUE,24/01/2024,0,600,5,M1,9.5,8,FingerTrap,1168092357,0,2,20,USDCAD-T,50,20:00.9,3,M5,0.1,FALSE
-4.8,0,0,TRUE,24/01/2024,0,600,5,M1,12,8,FingerTrap,1168092396,0,2.5,20,GBPUSD-T,50,25:00.5,3,M5,0.12,FALSE
11.46,0,0,TRUE,24/01/2024,0,600,5,M1,11.4,8,FingerTrap,1168092398,0,2.5,20,NZDUSD-T,50,04:25:01,3,M5,0.06,TRUE
6.84,0,0,TRUE,24/01/2024,0,600,5,M1,6.84,8,FingerTrap,1168092399,0,1.5,20,NZDUSD-T,50,04:25:01,3,M5,0.06,TRUE
9.12,0,0,TRUE,24/01/2024,0,600,5,M1,9.12,8,FingerTrap,1168092400,0,2,20,NZDUSD-T,50,04:25:01,3,M5,0.06,TRUE
11.4,0,0,TRUE,24/01/2024,0,600,5,M1,11.4,8,FingerTrap,1168092471,0,2.5,20,NZDUSD-T,50,04:30:01,3,M5,0.06,TRUE
6.84,0,0,TRUE,24/01/2024,0,600,5,M1,6.84,8,FingerTrap,1168092472,0,1.5,20,NZDUSD-T,50,04:30:01,3,M5,0.06,TRUE
-5.04,0,0,TRUE,24/01/2024,0,600,5,M1,12,8,FingerTrap,1168092473,0,2.5,20,AUDUSD-T,50,30:01.0,3,M5,0.12,FALSE
9.36,0,0,TRUE,24/01/2024,0,600,5,M1,9.12,8,FingerTrap,1168092476,0,2,20,NZDUSD-T,50,04:30:01,3,M5,0.06,TRUE
-4.91,0,0,TRUE,24/01/2024,0,600,5,M1,11.91,8,FingerTrap,1168093078,0,2.5,20,USDJPY-T,50,44:00.4,3,M5,0.22,FALSE
-4.91,0,0,TRUE,24/01/2024,0,600,5,M1,7.15,8,FingerTrap,1168093079,0,1.5,20,USDJPY-T,50,44:00.5,3,M5,0.22,FALSE
-4.21,0,0,TRUE,24/01/2024,0,600,5,M1,10.69,8,FingerTrap,1168093206,0,2.5,20,USDCAD-T,50,49:00.3,3,M5,0.09,FALSE
-4.21,0,0,TRUE,24/01/2024,0,600,5,M1,6.41,8,FingerTrap,1168093207,0,1.5,20,USDCAD-T,50,49:00.6,3,M5,0.09,FALSE
11.4,0,0,TRUE,24/01/2024,0,600,5,M1,11.4,8,FingerTrap,1168093208,0,2.5,20,NZDUSD-T,50,04:49:01,3,M5,0.06,TRUE
-4.21,0,0,TRUE,24/01/2024,0,600,5,M1,8.55,8,FingerTrap,1168093209,0,2,20,USDCAD-T,50,49:00.8,3,M5,0.09,FALSE
6.96,0,0,TRUE,24/01/2024,0,600,5,M1,6.84,8,FingerTrap,1168093210,0,1.5,20,NZDUSD-T,50,04:49:01,3,M5,0.06,TRUE
9.18,0,0,TRUE,24/01/2024,0,600,5,M1,9.12,8,FingerTrap,1168093211,0,2,20,NZDUSD-T,50,04:49:01,3,M5,0.06,TRUE
-4.51,0,0,TRUE,24/01/2024,0,600,5,M1,11,8,FingerTrap,1168093212,0,2.5,20,GBPUSD-T,50,49:01.1,3,M5,0.11,FALSE
-4.51,0,0,TRUE,24/01/2024,0,600,5,M1,6.6,8,FingerTrap,1168093213,0,1.5,20,GBPUSD-T,50,49:01.1,3,M5,0.11,FALSE
-4.51,0,0,TRUE,24/01/2024,0,600,5,M1,8.8,8,FingerTrap,1168093214,0,2,20,GBPUSD-T,50,49:01.2,3,M5,0.11,FALSE
-4.21,0,0,TRUE,24/01/2024,0,600,5,M1,10.69,8,FingerTrap,1168093282,0,2.5,20,USDCAD-T,50,55:00.4,3,M5,0.09,FALSE
-4.21,0,0,TRUE,24/01/2024,0,600,5,M1,6.41,8,FingerTrap,1168093283,0,1.5,20,USDCAD-T,50,55:00.5,3,M5,0.09,FALSE
-4.21,0,0,TRUE,24/01/2024,0,600,5,M1,8.55,8,FingerTrap,1168093285,0,2,20,USDCAD-T,50,55:00.6,3,M5,0.09,FALSE
-4.21,0,0,TRUE,24/01/2024,0,600,5,M1,10.69,8,FingerTrap,1168093379,0,2.5,20,USDCAD-T,50,00:01.7,3,M5,0.09,FALSE
-4.21,0,0,TRUE,24/01/2024,0,600,5,M1,6.41,8,FingerTrap,1168093381,0,1.5,20,USDCAD-T,50,00:01.9,3,M5,0.09,FALSE
-4.21,0,0,TRUE,24/01/2024,0,600,5,M1,8.55,8,FingerTrap,1168093383,0,2,20,USDCAD-T,50,00:02.3,3,M5,0.09,FALSE
-3.8,0,0,TRUE,24/01/2024,0,600,5,M1,9.5,8,FingerTrap,1168093672,0,2.5,20,USDCAD-T,50,14:00.3,3,M5,0.08,FALSE
-3.8,0,0,TRUE,24/01/2024,0,600,5,M1,5.7,8,FingerTrap,1168093673,0,1.5,20,USDCAD-T,50,14:00.4,3,M5,0.08,FALSE
-3.8,0,0,TRUE,24/01/2024,0,600,5,M1,7.6,8,FingerTrap,1168093674,0,2,20,USDCAD-T,50,14:00.4,3,M5,0.08,FALSE
-3.86,0,0,TRUE,24/01/2024,0,600,5,M1,9.5,8,FingerTrap,1168093687,0,2.5,20,USDCAD-T,50,15:00.6,3,M5,0.08,FALSE
-3.86,0,0,TRUE,24/01/2024,0,600,5,M1,5.7,8,FingerTrap,1168093688,0,1.5,20,USDCAD-T,50,15:00.8,3,M5,0.08,FALSE
-3.86,0,0,TRUE,24/01/2024,0,600,5,M1,7.6,8,FingerTrap,1168093689,0,2,20,USDCAD-T,50,15:01.0,3,M5,0.08,FALSE
-4.41,0,0,TRUE,24/01/2024,0,600,5,M1,10.68,8,FingerTrap,1168093975,0,2.5,20,USDCAD-T,50,25:00.5,3,M5,0.09,FALSE
-4.41,0,0,TRUE,24/01/2024,0,600,5,M1,6.41,8,FingerTrap,1168093977,0,1.5,20,USDCAD-T,50,25:00.5,3,M5,0.09,FALSE
-4.41,0,0,TRUE,24/01/2024,0,600,5,M1,8.55,8,FingerTrap,1168093979,0,2,20,USDCAD-T,50,25:00.6,3,M5,0.09,FALSE
-4,0,0,TRUE,24/01/2024,0,600,5,M1,10,8,FingerTrap,1168094383,0,2.5,20,GBPUSD-T,50,47:00.4,3,M5,0.1,FALSE
-4,0,0,TRUE,24/01/2024,0,600,5,M1,6,8,FingerTrap,1168094384,0,1.5,20,GBPUSD-T,50,47:00.6,3,M5,0.1,FALSE
-4.02,0,0,TRUE,24/01/2024,0,600,5,M1,9.74,8,FingerTrap,1168094385,0,2.5,20,USDJPY-T,50,47:00.6,3,M5,0.18,FALSE
-4,0,0,TRUE,24/01/2024,0,600,5,M1,8,8,FingerTrap,1168094387,0,2,20,GBPUSD-T,50,47:00.6,3,M5,0.1,FALSE
-4.02,0,0,TRUE,24/01/2024,0,600,5,M1,5.84,8,FingerTrap,1168094388,0,1.5,20,USDJPY-T,50,47:00.7,3,M5,0.18,FALSE
-4.02,0,0,TRUE,24/01/2024,0,600,5,M1,7.79,8,FingerTrap,1168094389,0,2,20,USDJPY-T,50,47:00.8,3,M5,0.18,FALSE
9.5,0,0,TRUE,24/01/2024,0,600,5,M1,9.5,8,FingerTrap,1168094439,0,2.5,20,NZDUSD-T,50,05:50:00,3,M5,0.05,TRUE
5.7,0,0,TRUE,24/01/2024,0,600,5,M1,5.7,8,FingerTrap,1168094441,0,1.5,20,NZDUSD-T,50,05:50:01,3,M5,0.05,TRUE
7.6,0,0,TRUE,24/01/2024,0,600,5,M1,7.6,8,FingerTrap,1168094445,0,2,20,NZDUSD-T,50,05:50:01,3,M5,0.05,TRUE
-4,0,0,TRUE,24/01/2024,0,600,5,M1,10,8,FingerTrap,1168094447,0,2.5,20,AUDUSD-T,50,50:00.9,3,M5,0.1,FALSE
-4,0,0,TRUE,24/01/2024,0,600,5,M1,6,8,FingerTrap,1168094449,0,1.5,20,AUDUSD-T,50,50:01.0,3,M5,0.1,FALSE
-4,0,0,TRUE,24/01/2024,0,600,5,M1,8,8,FingerTrap,1168094450,0,2,20,AUDUSD-T,50,50:01.1,3,M5,0.1,FALSE
-3.96,0,0,TRUE,24/01/2024,0,600,5,M1,9.9,8,FingerTrap,1168094451,0,2.5,20,EURUSD-T,50,50:01.2,3,M5,0.33,FALSE
-4,0,0,TRUE,24/01/2024,0,600,5,M1,10,8,FingerTrap,1168094444,0,2.5,20,GBPUSD-T,50,50:01.2,3,M5,0.1,FALSE
-4,0,0,TRUE,24/01/2024,0,600,5,M1,6,8,FingerTrap,1168094452,0,1.5,20,GBPUSD-T,50,50:01.3,3,M5,0.1,FALSE
-4,0,0,TRUE,24/01/2024,0,600,5,M1,8,8,FingerTrap,1168094453,0,2,20,GBPUSD-T,50,50:01.3,3,M5,0.1,FALSE
10.2,0,0,TRUE,24/01/2024,0,600,5,M1,10,8,FingerTrap,1168095007,0,2.5,20,GBPUSD-T,50,06:15:01,3,M5,0.1,TRUE
6.3,0,0,TRUE,24/01/2024,0,600,5,M1,6,8,FingerTrap,1168095008,0,1.5,20,GBPUSD-T,50,06:15:01,3,M5,0.1,TRUE
8.2,0,0,TRUE,24/01/2024,0,600,5,M1,8,8,FingerTrap,1168095009,0,2,20,GBPUSD-T,50,06:15:01,3,M5,0.1,TRUE
9.65,0,0,TRUE,24/01/2024,0,600,5,M1,9.5,8,FingerTrap,1168095020,0,2.5,20,NZDUSD-T,50,06:16:00,3,M5,0.05,TRUE
5.85,0,0,TRUE,24/01/2024,0,600,5,M1,5.7,8,FingerTrap,1168095021,0,1.5,20,NZDUSD-T,50,06:16:01,3,M5,0.05,TRUE
7.7,0,0,TRUE,24/01/2024,0,600,5,M1,7.6,8,FingerTrap,1168095023,0,2,20,NZDUSD-T,50,06:16:01,3,M5,0.05,TRUE
9.57,0,0,TRUE,24/01/2024,0,600,5,M1,9.5,8,FingerTrap,1168095076,0,2.5,20,USDCAD-T,50,06:19:00,3,M5,0.08,TRUE
5.88,0,0,TRUE,24/01/2024,0,600,5,M1,5.7,8,FingerTrap,1168095077,0,1.5,20,USDCAD-T,50,06:19:00,3,M5,0.08,TRUE
7.61,0,0,TRUE,24/01/2024,0,600,5,M1,7.6,8,FingerTrap,1168095078,0,2,20,USDCAD-T,50,06:19:01,3,M5,0.08,TRUE
9.52,0,0,TRUE,24/01/2024,0,600,5,M1,9.5,8,FingerTrap,1168095097,0,2.5,20,USDCAD-T,50,06:20:00,3,M5,0.08,TRUE
5.83,0,0,TRUE,24/01/2024,0,600,5,M1,5.7,8,FingerTrap,1168095098,0,1.5,20,USDCAD-T,50,06:20:00,3,M5,0.08,TRUE
7.67,0,0,TRUE,24/01/2024,0,600,5,M1,7.6,8,FingerTrap,1168095099,0,2,20,USDCAD-T,50,06:20:01,3,M5,0.08,TRUE
9.69,0,0,TRUE,24/01/2024,0,600,5,M1,9.5,8,FingerTrap,1168095256,0,2.5,20,USDCAD-T,50,06:30:01,3,M5,0.08,TRUE
5.71,0,0,TRUE,24/01/2024,0,600,5,M1,5.7,8,FingerTrap,1168095257,0,1.5,20,USDCAD-T,50,06:30:01,3,M5,0.08,TRUE
7.61,0,0,TRUE,24/01/2024,0,600,5,M1,7.6,8,FingerTrap,1168095259,0,2,20,USDCAD-T,50,06:30:01,3,M5,0.08,TRUE
-3.89,0,0,TRUE,24/01/2024,0,600,5,M1,9.74,8,FingerTrap,1168095646,0,2.5,20,USDJPY-T,50,45:00.8,3,M5,0.18,FALSE
-3.89,0,0,TRUE,24/01/2024,0,600,5,M1,5.84,8,FingerTrap,1168095651,0,1.5,20,USDJPY-T,50,45:01.0,3,M5,0.18,FALSE
-3.89,0,0,TRUE,24/01/2024,0,600,5,M1,7.79,8,FingerTrap,1168095653,0,2,20,USDJPY-T,50,45:01.1,3,M5,0.18,FALSE
9.5,0,0,TRUE,24/01/2024,0,600,5,M1,9.5,8,FingerTrap,1168095787,0,2.5,20,NZDUSD-T,50,06:49:00,3,M5,0.05,TRUE
5.7,0,0,TRUE,24/01/2024,0,600,5,M1,5.7,8,FingerTrap,1168095788,0,1.5,20,NZDUSD-T,50,06:49:00,3,M5,0.05,TRUE
7.65,0,0,TRUE,24/01/2024,0,600,5,M1,7.6,8,FingerTrap,1168095789,0,2,20,NZDUSD-T,50,06:49:01,3,M5,0.05,TRUE
9.55,0,0,TRUE,24/01/2024,0,600,5,M1,9.5,8,FingerTrap,1168095803,0,2.5,20,NZDUSD-T,50,06:50:00,3,M5,0.05,TRUE
5.75,0,0,TRUE,24/01/2024,0,600,5,M1,5.7,8,FingerTrap,1168095804,0,1.5,20,NZDUSD-T,50,06:50:00,3,M5,0.05,TRUE
7.65,0,0,TRUE,24/01/2024,0,600,5,M1,7.6,8,FingerTrap,1168095806,0,2,20,NZDUSD-T,50,06:50:01,3,M5,0.05,TRUE
9.58,0,0,TRUE,24/01/2024,0,600,5,M1,9.51,8,FingerTrap,1168095852,0,2.5,20,USDCAD-T,50,06:51:00,3,M5,0.08,TRUE
5.95,0,0,TRUE,24/01/2024,0,600,5,M1,5.7,8,FingerTrap,1168095855,0,1.5,20,USDCAD-T,50,06:51:00,3,M5,0.08,TRUE
7.73,0,0,TRUE,24/01/2024,0,600,5,M1,7.61,8,FingerTrap,1168095856,0,2,20,USDCAD-T,50,06:51:00,3,M5,0.08,TRUE
-3.9,0,0,TRUE,24/01/2024,0,600,5,M1,9.74,8,FingerTrap,1168095971,0,2.5,20,USDJPY-T,50,55:00.3,3,M5,0.18,FALSE
-3.9,0,0,TRUE,24/01/2024,0,600,5,M1,5.84,8,FingerTrap,1168095974,0,1.5,20,USDJPY-T,50,55:00.4,3,M5,0.18,FALSE
-4.02,0,0,TRUE,24/01/2024,0,600,5,M1,7.79,8,FingerTrap,1168095975,0,2,20,USDJPY-T,50,55:00.6,3,M5,0.18,FALSE
-4.3,0,0,TRUE,24/01/2024,0,600,5,M1,10,8,FingerTrap,1168095976,0,2.5,20,GBPUSD-T,50,55:00.8,3,M5,0.1,FALSE
-4.4,0,0,TRUE,24/01/2024,0,600,5,M1,6,8,FingerTrap,1168095978,0,1.5,20,GBPUSD-T,50,55:00.9,3,M5,0.1,FALSE
-4.4,0,0,TRUE,24/01/2024,0,600,5,M1,8,8,FingerTrap,1168095979,0,2,20,GBPUSD-T,50,55:00.9,3,M5,0.1,FALSE
-4,0,0,TRUE,24/01/2024,0,600,5,M1,10,8,FingerTrap,1168095980,0,2.5,20,AUDUSD-T,50,55:01.0,3,M5,0.1,FALSE
-4,0,0,TRUE,24/01/2024,0,600,5,M1,6,8,FingerTrap,1168095981,0,1.5,20,AUDUSD-T,50,55:01.1,3,M5,0.1,FALSE
-4,0,0,TRUE,24/01/2024,0,600,5,M1,8,8,FingerTrap,1168095983,0,2,20,AUDUSD-T,50,55:01.2,3,M5,0.1,FALSE
-4.14,0,0,TRUE,24/01/2024,0,600,5,M1,9.74,8,FingerTrap,1168096827,0,2.5,20,USDJPY-T,50,11:00.5,3,M5,0.18,FALSE
-4.1,0,0,TRUE,24/01/2024,0,600,5,M1,10,8,FingerTrap,1168096830,0,2.5,20,AUDUSD-T,50,11:00.6,3,M5,0.1,FALSE
-4.02,0,0,TRUE,24/01/2024,0,600,5,M1,5.85,8,FingerTrap,1168096831,0,1.5,20,USDJPY-T,50,11:00.7,3,M5,0.18,FALSE
-4.1,0,0,TRUE,24/01/2024,0,600,5,M1,6,8,FingerTrap,1168096832,0,1.5,20,AUDUSD-T,50,11:00.8,3,M5,0.1,FALSE
-4.1,0,0,TRUE,24/01/2024,0,600,5,M1,8,8,FingerTrap,1168096834,0,2,20,AUDUSD-T,50,11:00.9,3,M5,0.1,FALSE
-4.02,0,0,TRUE,24/01/2024,0,600,5,M1,7.8,8,FingerTrap,1168096833,0,2,20,USDJPY-T,50,11:00.9,3,M5,0.18,FALSE
-3.9,0,0,TRUE,24/01/2024,0,600,5,M1,10,8,FingerTrap,1168096922,0,2.5,20,GBPUSD-T,50,14:00.3,3,M5,0.1,FALSE
-3.9,0,0,TRUE,24/01/2024,0,600,5,M1,6,8,FingerTrap,1168096924,0,1.5,20,GBPUSD-T,50,14:00.4,3,M5,0.1,FALSE
-3.9,0,0,TRUE,24/01/2024,0,600,5,M1,8,8,FingerTrap,1168096925,0,2,20,GBPUSD-T,50,14:00.5,3,M5,0.1,FALSE
-4.3,0,0,TRUE,24/01/2024,0,600,5,M1,10,8,FingerTrap,1168096962,0,2.5,20,GBPUSD-T,50,15:00.8,3,M5,0.1,FALSE
-4.2,0,0,TRUE,24/01/2024,0,600,5,M1,6,8,FingerTrap,1168096973,0,1.5,20,GBPUSD-T,50,15:01.2,3,M5,0.1,FALSE
-4.2,0,0,TRUE,24/01/2024,0,600,5,M1,8,8,FingerTrap,1168096978,0,2,20,GBPUSD-T,50,15:01.6,3,M5,0.1,FALSE
9.57,0,0,TRUE,24/01/2024,0,600,5,M1,9.9,8,FingerTrap,1168097299,0,2.5,20,EURUSD-T,50,07:27:00,3,M5,0.33,TRUE
-3.8,0,0,TRUE,24/01/2024,0,600,5,M1,9.5,8,FingerTrap,1168098194,0,2.5,20,NZDUSD-T,50,42:00.4,3,M5,0.05,FALSE
-4.51,0,0,TRUE,24/01/2024,0,600,5,M1,9.74,8,FingerTrap,1168098196,0,2.5,20,USDJPY-T,50,42:00.7,3,M5,0.18,FALSE
-3.8,0,0,TRUE,24/01/2024,0,600,5,M1,5.7,8,FingerTrap,1168098195,0,1.5,20,NZDUSD-T,50,42:00.7,3,M5,0.05,FALSE
5.97,0,0,TRUE,24/01/2024,0,600,5,M1,5.85,8,FingerTrap,1168098199,0,1.5,20,USDJPY-T,50,07:42:01,3,M5,0.18,TRUE
-3.8,0,0,TRUE,24/01/2024,0,600,5,M1,7.6,8,FingerTrap,1168098198,0,2,20,NZDUSD-T,50,42:00.9,3,M5,0.05,FALSE
-4,0,0,TRUE,24/01/2024,0,600,5,M1,10,8,FingerTrap,1168098197,0,2.5,20,GBPUSD-T,50,42:00.9,3,M5,0.1,FALSE
-4.51,0,0,TRUE,24/01/2024,0,600,5,M1,7.8,8,FingerTrap,1168098200,0,2,20,USDJPY-T,50,42:01.1,3,M5,0.18,FALSE
-4.1,0,0,TRUE,24/01/2024,0,600,5,M1,6,8,FingerTrap,1168098202,0,1.5,20,GBPUSD-T,50,42:01.1,3,M5,0.1,FALSE
-4.1,0,0,TRUE,24/01/2024,0,600,5,M1,8,8,FingerTrap,1168098203,0,2,20,GBPUSD-T,50,42:01.2,3,M5,0.1,FALSE
-3.85,0,0,TRUE,24/01/2024,0,600,5,M1,9.5,8,FingerTrap,1168098698,0,2.5,20,NZDUSD-T,50,46:00.4,3,M5,0.05,FALSE
-3.85,0,0,TRUE,24/01/2024,0,600,5,M1,5.7,8,FingerTrap,1168098700,0,1.5,20,NZDUSD-T,50,46:00.5,3,M5,0.05,FALSE
-3.95,0,0,TRUE,24/01/2024,0,600,5,M1,7.6,8,FingerTrap,1168098701,0,2,20,NZDUSD-T,50,46:00.6,3,M5,0.05,FALSE
-3.9,0,0,TRUE,24/01/2024,0,600,5,M1,9.75,8,FingerTrap,1168098771,0,2.5,20,USDJPY-T,50,48:00.3,3,M5,0.18,FALSE
-3.9,0,0,TRUE,24/01/2024,0,600,5,M1,5.85,8,FingerTrap,1168098772,0,1.5,20,USDJPY-T,50,48:00.4,3,M5,0.18,FALSE
-3.9,0,0,TRUE,24/01/2024,0,600,5,M1,7.8,8,FingerTrap,1168098773,0,2,20,USDJPY-T,50,48:00.5,3,M5,0.18,FALSE
-4,0,0,TRUE,24/01/2024,0,600,5,M1,10,8,FingerTrap,1168098807,0,2.5,20,AUDUSD-T,50,49:00.4,3,M5,0.1,FALSE
-3.92,0,0,TRUE,24/01/2024,0,600,5,M1,9.51,8,FingerTrap,1168098808,0,2.5,20,USDCAD-T,50,49:00.5,3,M5,0.08,FALSE
-3.9,0,0,TRUE,24/01/2024,0,600,5,M1,6,8,FingerTrap,1168098809,0,1.5,20,AUDUSD-T,50,49:00.6,3,M5,0.1,FALSE
-3.92,0,0,TRUE,24/01/2024,0,600,5,M1,5.71,8,FingerTrap,1168098810,0,1.5,20,USDCAD-T,50,49:00.7,3,M5,0.08,FALSE
-4,0,0,TRUE,24/01/2024,0,600,5,M1,8,8,FingerTrap,1168098811,0,2,20,AUDUSD-T,50,49:00.7,3,M5,0.1,FALSE
-3.98,0,0,TRUE,24/01/2024,0,600,5,M1,7.61,8,FingerTrap,1168098812,0,2,20,USDCAD-T,50,49:00.7,3,M5,0.08,FALSE
-3.8,0,0,TRUE,24/01/2024,0,600,5,M1,9.51,8,FingerTrap,1168098866,0,2.5,20,USDCAD-T,50,50:00.4,3,M5,0.08,FALSE
-3.8,0,0,TRUE,24/01/2024,0,600,5,M1,5.71,8,FingerTrap,1168098870,0,1.5,20,USDCAD-T,50,50:00.6,3,M5,0.08,FALSE
-3.8,0,0,TRUE,24/01/2024,0,600,5,M1,7.61,8,FingerTrap,1168098872,0,2,20,USDCAD-T,50,50:00.7,3,M5,0.08,FALSE
-4,0,0,TRUE,24/01/2024,0,600,5,M1,10,8,FingerTrap,1168098874,0,2.5,20,AUDUSD-T,50,50:00.9,3,M5,0.1,FALSE
-4,0,0,TRUE,24/01/2024,0,600,5,M1,6,8,FingerTrap,1168098875,0,1.5,20,AUDUSD-T,50,50:01.0,3,M5,0.1,FALSE
-4,0,0,TRUE,24/01/2024,0,600,5,M1,8,8,FingerTrap,1168098878,0,2,20,AUDUSD-T,50,50:01.1,3,M5,0.1,FALSE
-3.86,0,0,TRUE,24/01/2024,0,600,5,M1,9.51,8,FingerTrap,1168099774,0,2.5,20,USDCAD-T,50,02:00.4,3,M5,0.08,FALSE
5.83,0,0,TRUE,24/01/2024,0,600,5,M1,5.71,8,FingerTrap,1168099775,0,1.5,20,USDCAD-T,50,08:02:00,3,M5,0.08,TRUE
7.62,0,0,TRUE,24/01/2024,0,600,5,M1,7.61,8,FingerTrap,1168099777,0,2,20,USDCAD-T,50,08:02:01,3,M5,0.08,TRUE
-3.9,0,0,TRUE,24/01/2024,0,600,5,M1,9.75,8,FingerTrap,1168100778,0,2.5,20,USDJPY-T,50,12:00.4,3,M5,0.18,FALSE
-3.9,0,0,TRUE,24/01/2024,0,600,5,M1,5.85,8,FingerTrap,1168100779,0,1.5,20,USDJPY-T,50,12:00.5,3,M5,0.18,FALSE
-4.02,0,0,TRUE,24/01/2024,0,600,5,M1,7.8,8,FingerTrap,1168100780,0,2,20,USDJPY-T,50,12:00.5,3,M5,0.18,FALSE
10,0,0,TRUE,24/01/2024,0,600,5,M1,10,8,FingerTrap,1168101558,0,2.5,20,AUDUSD-T,50,08:20:00,3,M5,0.1,TRUE
6,0,0,TRUE,24/01/2024,0,600,5,M1,6,8,FingerTrap,1168101562,0,1.5,20,AUDUSD-T,50,08:20:01,3,M5,0.1,TRUE
9.5,0,0,TRUE,24/01/2024,0,600,5,M1,9.5,8,FingerTrap,1168101564,0,2.5,20,NZDUSD-T,50,08:20:01,3,M5,0.05,TRUE
8,0,0,TRUE,24/01/2024,0,600,5,M1,8,8,FingerTrap,1168101566,0,2,20,AUDUSD-T,50,08:20:01,3,M5,0.1,TRUE
5.65,0,0,TRUE,24/01/2024,0,600,5,M1,5.7,8,FingerTrap,1168101567,0,1.5,20,NZDUSD-T,50,08:20:01,3,M5,0.05,TRUE
7.55,0,0,TRUE,24/01/2024,0,600,5,M1,7.6,8,FingerTrap,1168101569,0,2,20,NZDUSD-T,50,08:20:01,3,M5,0.05,TRUE
-4.51,0,0,TRUE,24/01/2024,0,600,5,M1,9.76,8,FingerTrap,1168102267,0,2.5,20,USDJPY-T,50,28:00.2,3,M5,0.18,FALSE
-4.51,0,0,TRUE,24/01/2024,0,600,5,M1,5.85,8,FingerTrap,1168102268,0,1.5,20,USDJPY-T,50,28:00.3,3,M5,0.18,FALSE
-4.51,0,0,TRUE,24/01/2024,0,600,5,M1,7.8,8,FingerTrap,1168102270,0,2,20,USDJPY-T,50,28:00.4,3,M5,0.18,FALSE
-4.15,0,0,TRUE,24/01/2024,0,600,5,M1,9.76,8,FingerTrap,1168102458,0,2.5,20,USDJPY-T,50,30:00.8,3,M5,0.18,FALSE
10,0,0,TRUE,24/01/2024,0,600,5,M1,10,8,FingerTrap,1168102946,0,2.5,20,AUDUSD-T,50,08:32:00,3,M5,0.1,TRUE
6,0,0,TRUE,24/01/2024,0,600,5,M1,6,8,FingerTrap,1168102947,0,1.5,20,AUDUSD-T,50,08:32:00,3,M5,0.1,TRUE
8,0,0,TRUE,24/01/2024,0,600,5,M1,8,8,FingerTrap,1168102948,0,2,20,AUDUSD-T,50,08:32:00,3,M5,0.1,TRUE
9.5,0,0,TRUE,24/01/2024,0,600,5,M1,9.5,8,FingerTrap,1168102949,0,2.5,20,NZDUSD-T,50,08:32:01,3,M5,0.05,TRUE
5.75,0,0,TRUE,24/01/2024,0,600,5,M1,5.7,8,FingerTrap,1168102950,0,1.5,20,NZDUSD-T,50,08:32:01,3,M5,0.05,TRUE
7.6,0,0,TRUE,24/01/2024,0,600,5,M1,7.6,8,FingerTrap,1168102951,0,2,20,NZDUSD-T,50,08:32:01,3,M5,0.05,TRUE
-4.39,0,0,TRUE,24/01/2024,0,600,5,M1,9.76,8,FingerTrap,1168103842,0,2.5,20,USDJPY-T,50,39:00.3,3,M5,0.18,FALSE
-4.27,0,0,TRUE,24/01/2024,0,600,5,M1,5.86,8,FingerTrap,1168103843,0,1.5,20,USDJPY-T,50,39:00.4,3,M5,0.18,FALSE
-4.27,0,0,TRUE,24/01/2024,0,600,5,M1,7.81,8,FingerTrap,1168103844,0,2,20,USDJPY-T,50,39:00.5,3,M5,0.18,FALSE
-3.81,0,0,TRUE,24/01/2024,0,600,5,M1,9.52,8,FingerTrap,1168103888,0,2.5,20,USDCAD-T,50,40:00.5,3,M5,0.08,FALSE
-3.75,0,0,TRUE,24/01/2024,0,600,5,M1,5.71,8,FingerTrap,1168103890,0,1.5,20,USDCAD-T,50,40:00.6,3,M5,0.08,FALSE
-3.75,0,0,TRUE,24/01/2024,0,600,5,M1,7.62,8,FingerTrap,1168103891,0,2,20,USDCAD-T,50,40:00.7,3,M5,0.08,FALSE
-4,0,0,TRUE,24/01/2024,0,600,5,M1,10,8,FingerTrap,1168104100,0,2.5,20,AUDUSD-T,50,42:00.5,3,M5,0.1,FALSE
-4,0,0,TRUE,24/01/2024,0,600,5,M1,6,8,FingerTrap,1168104102,0,1.5,20,AUDUSD-T,50,42:00.6,3,M5,0.1,FALSE
9.5,0,0,TRUE,24/01/2024,0,600,5,M1,9.5,8,FingerTrap,1168104101,0,2.5,20,NZDUSD-T,50,08:42:01,3,M5,0.05,TRUE
-4,0,0,TRUE,24/01/2024,0,600,5,M1,8,8,FingerTrap,1168104103,0,2,20,AUDUSD-T,50,42:00.8,3,M5,0.1,FALSE
5.75,0,0,TRUE,24/01/2024,0,600,5,M1,5.7,8,FingerTrap,1168104104,0,1.5,20,NZDUSD-T,50,08:42:01,3,M5,0.05,TRUE
7.6,0,0,TRUE,24/01/2024,0,600,5,M1,7.6,8,FingerTrap,1168104105,0,2,20,NZDUSD-T,50,08:42:01,3,M5,0.05,TRUE
-4.03,0,0,TRUE,24/01/2024,0,600,5,M1,9.76,8,FingerTrap,1168104138,0,2.5,20,USDJPY-T,50,43:00.3,3,M5,0.18,FALSE
-4.03,0,0,TRUE,24/01/2024,0,600,5,M1,5.86,8,FingerTrap,1168104139,0,1.5,20,USDJPY-T,50,43:00.4,3,M5,0.18,FALSE
-4.03,0,0,TRUE,24/01/2024,0,600,5,M1,7.81,8,FingerTrap,1168104140,0,2,20,USDJPY-T,50,43:00.5,3,M5,0.18,FALSE
9.5,0,0,TRUE,24/01/2024,0,600,5,M1,9.5,8,FingerTrap,1168104875,0,2.5,20,NZDUSD-T,50,08:55:01,3,M5,0.05,TRUE
-5.94,0,0,TRUE,24/01/2024,0,600,5,M1,9.9,8,FingerTrap,1168104880,0,2.5,20,EURUSD-T,50,55:00.6,3,M5,0.33,FALSE
-6.93,0,0,TRUE,24/01/2024,0,600,5,M1,5.94,8,FingerTrap,1168104883,0,1.5,20,EURUSD-T,50,55:00.7,3,M5,0.33,FALSE
5.8,0,0,TRUE,24/01/2024,0,600,5,M1,5.7,8,FingerTrap,1168104882,0,1.5,20,NZDUSD-T,50,08:55:01,3,M5,0.05,TRUE
-6.27,0,0,TRUE,24/01/2024,0,600,5,M1,7.92,8,FingerTrap,1168104885,0,2,20,EURUSD-T,50,55:00.9,3,M5,0.33,FALSE
7.75,0,0,TRUE,24/01/2024,0,600,5,M1,7.6,8,FingerTrap,1168104884,0,2,20,NZDUSD-T,50,08:55:01,3,M5,0.05,TRUE
-3.9,0,0,TRUE,24/01/2024,0,600,5,M1,9.5,8,FingerTrap,1168105682,0,2.5,20,NZDUSD-T,50,07:00.3,3,M5,0.05,FALSE
5.7,0,0,TRUE,24/01/2024,0,600,5,M1,5.7,8,FingerTrap,1168105685,0,1.5,20,NZDUSD-T,50,09:07:00,3,M5,0.05,TRUE
7.6,0,0,TRUE,24/01/2024,0,600,5,M1,7.6,8,FingerTrap,1168105686,0,2,20,NZDUSD-T,50,09:07:00,3,M5,0.05,TRUE
-3.85,0,0,TRUE,24/01/2024,0,600,5,M1,9.5,8,FingerTrap,1168106203,0,2.5,20,NZDUSD-T,50,10:00.7,3,M5,0.05,FALSE
9.9,0,0,TRUE,24/01/2024,0,600,5,M1,10,8,FingerTrap,1168106209,0,2.5,20,AUDUSD-T,50,09:10:01,3,M5,0.1,TRUE
5.7,0,0,TRUE,24/01/2024,0,600,5,M1,5.7,8,FingerTrap,1168106213,0,1.5,20,NZDUSD-T,50,09:10:01,3,M5,0.05,TRUE
5.9,0,0,TRUE,24/01/2024,0,600,5,M1,6,8,FingerTrap,1168106215,0,1.5,20,AUDUSD-T,50,09:10:01,3,M5,0.1,TRUE
7.9,0,0,TRUE,24/01/2024,0,600,5,M1,8,8,FingerTrap,1168106220,0,2,20,AUDUSD-T,50,09:10:01,3,M5,0.1,TRUE
7.6,0,0,TRUE,24/01/2024,0,600,5,M1,7.6,8,FingerTrap,1168106218,0,2,20,NZDUSD-T,50,09:10:01,3,M5,0.05,TRUE
10.2,0,0,TRUE,24/01/2024,0,600,5,M1,10,8,FingerTrap,1168106402,0,2.5,20,GBPUSD-T,50,09:14:00,3,M5,0.1,TRUE
6.3,0,0,TRUE,24/01/2024,0,600,5,M1,6,8,FingerTrap,1168106403,0,1.5,20,GBPUSD-T,50,09:14:00,3,M5,0.1,TRUE
8.5,0,0,TRUE,24/01/2024,0,600,5,M1,8,8,FingerTrap,1168106404,0,2,20,GBPUSD-T,50,09:14:00,3,M5,0.1,TRUE
-3.81,0,0,TRUE,24/01/2024,0,600,5,M1,9.52,8,FingerTrap,1168106405,0,2.5,20,USDCAD-T,50,14:00.6,3,M5,0.08,FALSE
-3.81,0,0,TRUE,24/01/2024,0,600,5,M1,5.71,8,FingerTrap,1168106406,0,1.5,20,USDCAD-T,50,14:00.7,3,M5,0.08,FALSE
-3.81,0,0,TRUE,24/01/2024,0,600,5,M1,7.61,8,FingerTrap,1168106407,0,2,20,USDCAD-T,50,14:00.8,3,M5,0.08,FALSE
-3.81,0,0,TRUE,24/01/2024,0,600,5,M1,9.52,8,FingerTrap,1168106541,0,2.5,20,USDCAD-T,50,15:00.6,3,M5,0.08,FALSE
-3.87,0,0,TRUE,24/01/2024,0,600,5,M1,5.71,8,FingerTrap,1168106556,0,1.5,20,USDCAD-T,50,15:01.1,3,M5,0.08,FALSE
-3.93,0,0,TRUE,24/01/2024,0,600,5,M1,7.61,8,FingerTrap,1168106559,0,2,20,USDCAD-T,50,15:01.3,3,M5,0.08,FALSE
-4.88,0,0,TRUE,24/01/2024,0,600,5,M1,9.76,8,FingerTrap,1168106760,0,2.5,20,USDJPY-T,50,17:00.6,3,M5,0.18,FALSE
-3.8,0,0,TRUE,24/01/2024,0,600,5,M1,9.5,8,FingerTrap,1168106756,0,2.5,20,NZDUSD-T,50,17:00.6,3,M5,0.05,FALSE
5.75,0,0,TRUE,24/01/2024,0,600,5,M1,5.7,8,FingerTrap,1168106762,0,1.5,20,NZDUSD-T,50,09:17:01,3,M5,0.05,TRUE
7.65,0,0,TRUE,24/01/2024,0,600,5,M1,7.6,8,FingerTrap,1168106763,0,2,20,NZDUSD-T,50,09:17:01,3,M5,0.05,TRUE
5.13,0,0,TRUE,24/01/2024,0,600,5,M1,5.86,8,FingerTrap,1168106761,0,1.5,20,USDJPY-T,50,09:17:01,3,M5,0.18,TRUE
7.45,0,0,TRUE,24/01/2024,0,600,5,M1,7.81,8,FingerTrap,1168106764,0,2,20,USDJPY-T,50,09:17:01,3,M5,0.18,TRUE
10,0,0,TRUE,24/01/2024,0,600,5,M1,10,8,FingerTrap,1168107597,0,2.5,20,AUDUSD-T,50,09:27:00,3,M5,0.1,TRUE
6,0,0,TRUE,24/01/2024,0,600,5,M1,6,8,FingerTrap,1168107598,0,1.5,20,AUDUSD-T,50,09:27:00,3,M5,0.1,TRUE
8,0,0,TRUE,24/01/2024,0,600,5,M1,8,8,FingerTrap,1168107599,0,2,20,AUDUSD-T,50,09:27:00,3,M5,0.1,TRUE
-3.3,0,0,TRUE,24/01/2024,0,600,5,M1,9.76,8,FingerTrap,1168107746,0,2.5,20,USDJPY-T,50,29:00.7,3,M5,0.18,FALSE
-4.34,0,0,TRUE,24/01/2024,0,600,5,M1,9.52,8,FingerTrap,1168107859,0,2.5,20,USDCAD-T,50,30:01.1,3,M5,0.08,FALSE
-4.16,0,0,TRUE,24/01/2024,0,600,5,M1,5.71,8,FingerTrap,1168107896,0,1.5,20,USDCAD-T,50,30:02.0,3,M5,0.08,FALSE
-4.16,0,0,TRUE,24/01/2024,0,600,5,M1,7.62,8,FingerTrap,1168107910,0,2,20,USDCAD-T,50,30:02.1,3,M5,0.08,FALSE
-3.05,0,0,TRUE,24/01/2024,0,600,5,M1,9.76,8,FingerTrap,1168107904,0,2.5,20,USDJPY-T,50,30:02.1,3,M5,0.18,FALSE
-4.64,0,0,TRUE,24/01/2024,0,600,5,M1,10.31,8,FingerTrap,1168109033,0,2.5,20,USDJPY-T,50,35:00.4,3,M5,0.19,FALSE
6.19,0,0,TRUE,24/01/2024,0,600,5,M1,6.18,8,FingerTrap,1168109036,0,1.5,20,USDJPY-T,50,09:35:00,3,M5,0.19,TRUE
8.25,0,0,TRUE,24/01/2024,0,600,5,M1,8.25,8,FingerTrap,1168109038,0,2,20,USDJPY-T,50,09:35:01,3,M5,0.19,TRUE
-5.32,0,0,TRUE,24/01/2024,0,600,5,M1,13.3,8,FingerTrap,1168112158,0,2.5,20,NZDUSD-T,50,09:00.4,3,M5,0.07,FALSE
-5.33,0,0,TRUE,24/01/2024,0,600,5,M1,13,8,FingerTrap,1168112159,0,2.5,20,GBPUSD-T,50,09:00.5,3,M5,0.13,FALSE
-5.32,0,0,TRUE,24/01/2024,0,600,5,M1,7.98,8,FingerTrap,1168112160,0,1.5,20,NZDUSD-T,50,09:00.5,3,M5,0.07,FALSE
-5.32,0,0,TRUE,24/01/2024,0,600,5,M1,10.64,8,FingerTrap,1168112162,0,2,20,NZDUSD-T,50,09:00.7,3,M5,0.07,FALSE
-5.33,0,0,TRUE,24/01/2024,0,600,5,M1,7.8,8,FingerTrap,1168112163,0,1.5,20,GBPUSD-T,50,09:00.7,3,M5,0.13,FALSE
-5.33,0,0,TRUE,24/01/2024,0,600,5,M1,10.4,8,FingerTrap,1168112164,0,2,20,GBPUSD-T,50,09:00.7,3,M5,0.13,FALSE
-4.56,0,0,TRUE,24/01/2024,0,600,5,M1,11.4,8,FingerTrap,1168112201,0,2.5,20,NZDUSD-T,50,10:00.5,3,M5,0.06,FALSE
-4.56,0,0,TRUE,24/01/2024,0,600,5,M1,6.84,8,FingerTrap,1168112204,0,1.5,20,NZDUSD-T,50,10:00.6,3,M5,0.06,FALSE
-4.56,0,0,TRUE,24/01/2024,0,600,5,M1,9.12,8,FingerTrap,1168112207,0,2,20,NZDUSD-T,50,10:00.7,3,M5,0.06,FALSE
-5.33,0,0,TRUE,24/01/2024,0,600,5,M1,13,8,FingerTrap,1168112374,0,2.5,20,AUDUSD-T,50,12:00.4,3,M5,0.13,FALSE
-5.33,0,0,TRUE,24/01/2024,0,600,5,M1,7.8,8,FingerTrap,1168112375,0,1.5,20,AUDUSD-T,50,12:00.5,3,M5,0.13,FALSE
-5.33,0,0,TRUE,24/01/2024,0,600,5,M1,10.4,8,FingerTrap,1168112376,0,2,20,AUDUSD-T,50,12:00.6,3,M5,0.13,FALSE
-4.42,0,0,TRUE,24/01/2024,0,600,5,M1,10.7,8,FingerTrap,1168114853,0,2.5,20,USDCAD-T,50,31:00.3,3,M5,0.09,FALSE
-4.42,0,0,TRUE,24/01/2024,0,600,5,M1,6.42,8,FingerTrap,1168114854,0,1.5,20,USDCAD-T,50,31:00.5,3,M5,0.09,FALSE
-4.42,0,0,TRUE,24/01/2024,0,600,5,M1,8.56,8,FingerTrap,1168114855,0,2,20,USDCAD-T,50,31:00.5,3,M5,0.09,FALSE
-4.34,0,0,TRUE,24/01/2024,0,600,5,M1,10.84,8,FingerTrap,1168114957,0,2.5,20,USDJPY-T,50,34:00.3,3,M5,0.2,FALSE
-4.34,0,0,TRUE,24/01/2024,0,600,5,M1,6.5,8,FingerTrap,1168114958,0,1.5,20,USDJPY-T,50,34:00.4,3,M5,0.2,FALSE
-4.34,0,0,TRUE,24/01/2024,0,600,5,M1,8.67,8,FingerTrap,1168114959,0,2,20,USDJPY-T,50,34:00.5,3,M5,0.2,FALSE
-4.2,0,0,TRUE,24/01/2024,0,600,5,M1,10.84,8,FingerTrap,1168115049,0,2.5,20,USDJPY-T,50,35:00.5,3,M5,0.2,FALSE
-4.2,0,0,TRUE,24/01/2024,0,600,5,M1,6.5,8,FingerTrap,1168115050,0,1.5,20,USDJPY-T,50,35:00.7,3,M5,0.2,FALSE
-4.34,0,0,TRUE,24/01/2024,0,600,5,M1,8.67,8,FingerTrap,1168115052,0,2,20,USDJPY-T,50,35:00.8,3,M5,0.2,FALSE
-3.87,0,0,TRUE,24/01/2024,0,600,5,M1,9.51,8,FingerTrap,1168115706,0,2.5,20,USDCAD-T,50,47:00.3,3,M5,0.08,FALSE
-3.87,0,0,TRUE,24/01/2024,0,600,5,M1,5.71,8,FingerTrap,1168115707,0,1.5,20,USDCAD-T,50,47:00.4,3,M5,0.08,FALSE
-3.87,0,0,TRUE,24/01/2024,0,600,5,M1,7.61,8,FingerTrap,1168115709,0,2,20,USDCAD-T,50,47:00.5,3,M5,0.08,FALSE
-3.85,0,0,TRUE,24/01/2024,0,600,5,M1,9.5,8,FingerTrap,1168115979,0,2.5,20,NZDUSD-T,50,50:00.6,3,M5,0.05,FALSE
-3.85,0,0,TRUE,24/01/2024,0,600,5,M1,5.7,8,FingerTrap,1168115985,0,1.5,20,NZDUSD-T,50,50:00.7,3,M5,0.05,FALSE
-3.85,0,0,TRUE,24/01/2024,0,600,5,M1,7.6,8,FingerTrap,1168115988,0,2,20,NZDUSD-T,50,50:00.8,3,M5,0.05,FALSE
-3.91,0,0,TRUE,24/01/2024,0,600,5,M1,9.76,8,FingerTrap,1168117188,0,2.5,20,USDJPY-T,50,05:00.5,3,M5,0.18,FALSE
-3.91,0,0,TRUE,24/01/2024,0,600,5,M1,5.86,8,FingerTrap,1168117190,0,1.5,20,USDJPY-T,50,05:00.6,3,M5,0.18,FALSE
-3.91,0,0,TRUE,24/01/2024,0,600,5,M1,7.81,8,FingerTrap,1168117191,0,2,20,USDJPY-T,50,05:00.7,3,M5,0.18,FALSE
-3.9,0,0,TRUE,24/01/2024,0,600,5,M1,10,8,FingerTrap,1168117702,0,2.5,20,AUDUSD-T,50,13:00.5,3,M5,0.1,FALSE
-3.8,0,0,TRUE,24/01/2024,0,600,5,M1,9.5,8,FingerTrap,1168117700,0,2.5,20,NZDUSD-T,50,13:00.4,3,M5,0.05,FALSE
-3.8,0,0,TRUE,24/01/2024,0,600,5,M1,5.7,8,FingerTrap,1168117703,0,1.5,20,NZDUSD-T,50,13:00.5,3,M5,0.05,FALSE
-3.8,0,0,TRUE,24/01/2024,0,600,5,M1,7.6,8,FingerTrap,1168117706,0,2,20,NZDUSD-T,50,13:00.7,3,M5,0.05,FALSE
-3.8,0,0,TRUE,24/01/2024,0,600,5,M1,6,8,FingerTrap,1168117707,0,1.5,20,AUDUSD-T,50,13:00.7,3,M5,0.1,FALSE
-3.9,0,0,TRUE,24/01/2024,0,600,5,M1,8,8,FingerTrap,1168117708,0,2,20,AUDUSD-T,50,13:00.8,3,M5,0.1,FALSE
-3.9,0,0,TRUE,24/01/2024,0,600,5,M1,9.76,8,FingerTrap,1168118113,0,2.5,20,USDJPY-T,50,20:00.5,3,M5,0.18,FALSE
-3.9,0,0,TRUE,24/01/2024,0,600,5,M1,5.86,8,FingerTrap,1168118114,0,1.5,20,USDJPY-T,50,20:00.6,3,M5,0.18,FALSE
-3.9,0,0,TRUE,24/01/2024,0,600,5,M1,7.81,8,FingerTrap,1168118115,0,2,20,USDJPY-T,50,20:00.7,3,M5,0.18,FALSE
-3.9,0,0,TRUE,24/01/2024,0,600,5,M1,9.76,8,FingerTrap,1168118318,0,2.5,20,USDJPY-T,50,25:00.6,3,M5,0.18,FALSE
-3.9,0,0,TRUE,24/01/2024,0,600,5,M1,5.86,8,FingerTrap,1168118321,0,1.5,20,USDJPY-T,50,25:00.7,3,M5,0.18,FALSE
-3.9,0,0,TRUE,24/01/2024,0,600,5,M1,7.81,8,FingerTrap,1168118323,0,2,20,USDJPY-T,50,25:00.9,3,M5,0.18,FALSE
-4,0,0,TRUE,24/01/2024,0,600,5,M1,10,8,FingerTrap,1168119297,0,2.5,20,GBPUSD-T,50,42:00.3,3,M5,0.1,FALSE
-4,0,0,TRUE,24/01/2024,0,600,5,M1,6,8,FingerTrap,1168119298,0,1.5,20,GBPUSD-T,50,42:00.4,3,M5,0.1,FALSE
-4,0,0,TRUE,24/01/2024,0,600,5,M1,8,8,FingerTrap,1168119300,0,2,20,GBPUSD-T,50,42:00.5,3,M5,0.1,FALSE
-3.8,0,0,TRUE,24/01/2024,0,600,5,M1,9.5,8,FingerTrap,1168119985,0,2.5,20,NZDUSD-T,50,55:00.4,3,M5,0.05,FALSE
5.75,0,0,TRUE,24/01/2024,0,600,5,M1,5.7,8,FingerTrap,1168119986,0,1.5,20,NZDUSD-T,50,11:55:00,3,M5,0.05,TRUE
7.6,0,0,TRUE,24/01/2024,0,600,5,M1,7.6,8,FingerTrap,1168119990,0,2,20,NZDUSD-T,50,11:55:01,3,M5,0.05,TRUE
10,0,0,TRUE,24/01/2024,0,600,5,M1,10,8,FingerTrap,1168120213,0,2.5,20,GBPUSD-T,50,12:00:01,3,M5,0.1,TRUE
6,0,0,TRUE,24/01/2024,0,600,5,M1,6,8,FingerTrap,1168120214,0,1.5,20,GBPUSD-T,50,12:00:01,3,M5,0.1,TRUE
8,0,0,TRUE,24/01/2024,0,600,5,M1,8,8,FingerTrap,1168120215,0,2,20,GBPUSD-T,50,12:00:01,3,M5,0.1,TRUE
10.1,0,0,TRUE,24/01/2024,0,600,5,M1,10,8,FingerTrap,1168120498,0,2.5,20,GBPUSD-T,50,12:05:00,3,M5,0.1,TRUE
6,0,0,TRUE,24/01/2024,0,600,5,M1,6,8,FingerTrap,1168120505,0,1.5,20,GBPUSD-T,50,12:05:01,3,M5,0.1,TRUE
7.6,0,0,TRUE,24/01/2024,0,600,5,M1,8,8,FingerTrap,1168120510,0,2,20,GBPUSD-T,50,12:05:01,3,M5,0.1,TRUE
-3.81,0,0,TRUE,24/01/2024,0,600,5,M1,9.52,8,FingerTrap,1168120841,0,2.5,20,USDCAD-T,50,10:00.6,3,M5,0.08,FALSE
-3.81,0,0,TRUE,24/01/2024,0,600,5,M1,5.71,8,FingerTrap,1168120846,0,1.5,20,USDCAD-T,50,10:00.7,3,M5,0.08,FALSE
-3.81,0,0,TRUE,24/01/2024,0,600,5,M1,7.61,8,FingerTrap,1168120850,0,2,20,USDCAD-T,50,10:00.8,3,M5,0.08,FALSE
-4.03,0,0,TRUE,24/01/2024,0,600,5,M1,9.77,8,FingerTrap,1168121274,0,2.5,20,USDJPY-T,50,18:00.4,3,M5,0.18,FALSE
-3.79,0,0,TRUE,24/01/2024,0,600,5,M1,5.86,8,FingerTrap,1168121276,0,1.5,20,USDJPY-T,50,18:00.5,3,M5,0.18,FALSE
-3.79,0,0,TRUE,24/01/2024,0,600,5,M1,7.81,8,FingerTrap,1168121278,0,2,20,USDJPY-T,50,18:00.6,3,M5,0.18,FALSE
-4.11,0,0,TRUE,24/01/2024,0,600,5,M1,9.52,8,FingerTrap,1168121481,0,2.5,20,USDCAD-T,50,23:00.3,3,M5,0.08,FALSE
-4.11,0,0,TRUE,24/01/2024,0,600,5,M1,5.71,8,FingerTrap,1168121482,0,1.5,20,USDCAD-T,50,23:00.4,3,M5,0.08,FALSE
-4.11,0,0,TRUE,24/01/2024,0,600,5,M1,7.61,8,FingerTrap,1168121483,0,2,20,USDCAD-T,50,23:00.5,3,M5,0.08,FALSE
-3.81,0,0,TRUE,24/01/2024,0,600,5,M1,9.51,8,FingerTrap,1168121580,0,2.5,20,USDCAD-T,50,25:00.4,3,M5,0.08,FALSE
-3.81,0,0,TRUE,24/01/2024,0,600,5,M1,5.71,8,FingerTrap,1168121582,0,1.5,20,USDCAD-T,50,25:00.5,3,M5,0.08,FALSE
-3.81,0,0,TRUE,24/01/2024,0,600,5,M1,7.61,8,FingerTrap,1168121584,0,2,20,USDCAD-T,50,25:00.7,3,M5,0.08,FALSE
-4.2,0,0,TRUE,24/01/2024,0,600,5,M1,10,8,FingerTrap,1168121673,0,2.5,20,GBPUSD-T,50,26:00.3,3,M5,0.1,FALSE
-4.2,0,0,TRUE,24/01/2024,0,600,5,M1,6,8,FingerTrap,1168121674,0,1.5,20,GBPUSD-T,50,26:00.4,3,M5,0.1,FALSE
-4.2,0,0,TRUE,24/01/2024,0,600,5,M1,8,8,FingerTrap,1168121676,0,2,20,GBPUSD-T,50,26:00.5,3,M5,0.1,FALSE
-4.15,0,0,TRUE,24/01/2024,0,600,5,M1,9.77,8,FingerTrap,1168121903,0,2.5,20,USDJPY-T,50,28:00.3,3,M5,0.18,FALSE
-4.15,0,0,TRUE,24/01/2024,0,600,5,M1,5.86,8,FingerTrap,1168121905,0,1.5,20,USDJPY-T,50,28:00.4,3,M5,0.18,FALSE
-4.15,0,0,TRUE,24/01/2024,0,600,5,M1,7.82,8,FingerTrap,1168121907,0,2,20,USDJPY-T,50,28:00.5,3,M5,0.18,FALSE
-3.9,0,0,TRUE,24/01/2024,0,600,5,M1,10,8,FingerTrap,1168122258,0,2.5,20,GBPUSD-T,50,32:00.3,3,M5,0.1,FALSE
-3.9,0,0,TRUE,24/01/2024,0,600,5,M1,6,8,FingerTrap,1168122259,0,1.5,20,GBPUSD-T,50,32:00.4,3,M5,0.1,FALSE
-3.9,0,0,TRUE,24/01/2024,0,600,5,M1,8,8,FingerTrap,1168122260,0,2,20,GBPUSD-T,50,32:00.5,3,M5,0.1,FALSE
-3.8,0,0,TRUE,24/01/2024,0,600,5,M1,9.5,8,FingerTrap,1168123470,0,2.5,20,NZDUSD-T,50,50:00.4,3,M5,0.05,FALSE
-3.75,0,0,TRUE,24/01/2024,0,600,5,M1,5.7,8,FingerTrap,1168123474,0,1.5,20,NZDUSD-T,50,50:00.5,3,M5,0.05,FALSE
-3.75,0,0,TRUE,24/01/2024,0,600,5,M1,7.6,8,FingerTrap,1168123476,0,2,20,NZDUSD-T,50,50:00.6,3,M5,0.05,FALSE
-7.1,0,0,TRUE,24/01/2024,0,600,5,M1,10,8,FingerTrap,1168123739,0,2.5,20,AUDUSD-T,50,55:00.3,3,M5,0.1,FALSE
-7.2,0,0,TRUE,24/01/2024,0,600,5,M1,6,8,FingerTrap,1168123742,0,1.5,20,AUDUSD-T,50,55:00.4,3,M5,0.1,FALSE
-7.2,0,0,TRUE,24/01/2024,0,600,5,M1,8,8,FingerTrap,1168123744,0,2,20,AUDUSD-T,50,55:00.5,3,M5,0.1,FALSE
-3.9,0,0,TRUE,24/01/2024,0,600,5,M1,9.5,8,FingerTrap,1168123845,0,2.5,20,NZDUSD-T,50,58:00.3,3,M5,0.05,FALSE
-3.9,0,0,TRUE,24/01/2024,0,600,5,M1,5.7,8,FingerTrap,1168123846,0,1.5,20,NZDUSD-T,50,58:00.4,3,M5,0.05,FALSE
-3.9,0,0,TRUE,24/01/2024,0,600,5,M1,7.6,8,FingerTrap,1168123847,0,2,20,NZDUSD-T,50,58:00.5,3,M5,0.05,FALSE
-4,0,0,TRUE,24/01/2024,0,600,5,M1,10,8,FingerTrap,1168125148,0,2.5,20,GBPUSD-T,50,12:00.3,3,M5,0.1,FALSE
-4,0,0,TRUE,24/01/2024,0,600,5,M1,6,8,FingerTrap,1168125149,0,1.5,20,GBPUSD-T,50,12:00.5,3,M5,0.1,FALSE
-4,0,0,TRUE,24/01/2024,0,600,5,M1,8,8,FingerTrap,1168125150,0,2,20,GBPUSD-T,50,12:00.6,3,M5,0.1,FALSE
-3.8,0,0,TRUE,24/01/2024,0,600,5,M1,9.5,8,FingerTrap,1168125433,0,2.5,20,NZDUSD-T,50,15:01.3,3,M5,0.05,FALSE
-3.96,0,0,TRUE,24/01/2024,0,600,5,M1,9.9,8,FingerTrap,1168125434,0,2.5,20,EURUSD-T,50,15:01.5,3,M5,0.33,FALSE
5.7,0,0,TRUE,24/01/2024,0,600,5,M1,5.7,8,FingerTrap,1168125436,0,1.5,20,NZDUSD-T,50,13:15:02,3,M5,0.05,TRUE
-3.8,0,0,TRUE,24/01/2024,0,600,5,M1,7.6,8,FingerTrap,1168125439,0,2,20,NZDUSD-T,50,15:01.9,3,M5,0.05,FALSE
-3.96,0,0,TRUE,24/01/2024,0,600,5,M1,5.94,8,FingerTrap,1168125437,0,1.5,20,EURUSD-T,50,15:01.9,3,M5,0.33,FALSE
10,0,0,TRUE,24/01/2024,0,600,5,M1,10,8,FingerTrap,1168125440,0,2.5,20,AUDUSD-T,50,13:15:02,3,M5,0.1,TRUE
6.1,0,0,TRUE,24/01/2024,0,600,5,M1,6,8,FingerTrap,1168125442,0,1.5,20,AUDUSD-T,50,13:15:02,3,M5,0.1,TRUE
8,0,0,TRUE,24/01/2024,0,600,5,M1,8,8,FingerTrap,1168125444,0,2,20,AUDUSD-T,50,13:15:02,3,M5,0.1,TRUE
-4,0,0,TRUE,24/01/2024,0,600,5,M1,10,8,FingerTrap,1168125665,0,2.5,20,GBPUSD-T,50,18:00.4,3,M5,0.1,FALSE
-4,0,0,TRUE,24/01/2024,0,600,5,M1,6,8,FingerTrap,1168125666,0,1.5,20,GBPUSD-T,50,18:00.5,3,M5,0.1,FALSE
-4,0,0,TRUE,24/01/2024,0,600,5,M1,8,8,FingerTrap,1168125667,0,2,20,GBPUSD-T,50,18:00.7,3,M5,0.1,FALSE
-3.05,0,0,TRUE,24/01/2024,0,600,5,M1,9.5,8,FingerTrap,1168126258,0,2.5,20,NZDUSD-T,50,25:00.4,3,M5,0.05,FALSE
5.7,0,0,TRUE,24/01/2024,0,600,5,M1,5.7,8,FingerTrap,1168126263,0,1.5,20,NZDUSD-T,50,13:25:01,3,M5,0.05,TRUE
-3,0,0,TRUE,24/01/2024,0,600,5,M1,7.6,8,FingerTrap,1168126266,0,2,20,NZDUSD-T,50,25:00.8,3,M5,0.05,FALSE
10,0,0,TRUE,24/01/2024,0,600,5,M1,10,8,FingerTrap,1168126268,0,2.5,20,AUDUSD-T,50,13:25:01,3,M5,0.1,TRUE
5.3,0,0,TRUE,24/01/2024,0,600,5,M1,6,8,FingerTrap,1168126270,0,1.5,20,AUDUSD-T,50,13:25:01,3,M5,0.1,TRUE
6.5,0,0,TRUE,24/01/2024,0,600,5,M1,8,8,FingerTrap,1168126272,0,2,20,AUDUSD-T,50,13:25:01,3,M5,0.1,TRUE
-3.7,0,0,TRUE,24/01/2024,0,600,5,M1,10,8,FingerTrap,1168126518,0,2.5,20,GBPUSD-T,50,27:00.4,3,M5,0.1,FALSE
6.3,0,0,TRUE,24/01/2024,0,600,5,M1,6,8,FingerTrap,1168126520,0,1.5,20,GBPUSD-T,50,13:27:01,3,M5,0.1,TRUE
-3.7,0,0,TRUE,24/01/2024,0,600,5,M1,8,8,FingerTrap,1168126521,0,2,20,GBPUSD-T,50,27:00.6,3,M5,0.1,FALSE
-4.53,0,0,TRUE,24/01/2024,0,600,5,M1,9.8,8,FingerTrap,1168128222,0,2.5,20,USDJPY-T,50,39:00.6,3,M5,0.18,FALSE
-5,0,0,TRUE,24/01/2024,0,600,5,M1,9.52,8,FingerTrap,1168128223,0,2.5,20,USDCAD-T,50,39:00.7,3,M5,0.08,FALSE
-5,0,0,TRUE,24/01/2024,0,600,5,M1,5.71,8,FingerTrap,1168128225,0,1.5,20,USDCAD-T,50,39:00.8,3,M5,0.08,FALSE
-4.78,0,0,TRUE,24/01/2024,0,600,5,M1,5.88,8,FingerTrap,1168128224,0,1.5,20,USDJPY-T,50,39:00.9,3,M5,0.18,FALSE
-4.78,0,0,TRUE,24/01/2024,0,600,5,M1,7.84,8,FingerTrap,1168128227,0,2,20,USDJPY-T,50,39:01.0,3,M5,0.18,FALSE
-5,0,0,TRUE,24/01/2024,0,600,5,M1,7.62,8,FingerTrap,1168128226,0,2,20,USDCAD-T,50,39:01.0,3,M5,0.08,FALSE
-8.27,0,0,TRUE,24/01/2024,0,600,5,M1,9.52,8,FingerTrap,1168128332,0,2.5,20,USDCAD-T,50,40:00.5,3,M5,0.08,FALSE
-5.18,0,0,TRUE,24/01/2024,0,600,5,M1,5.71,8,FingerTrap,1168128335,0,1.5,20,USDCAD-T,50,40:00.6,3,M5,0.08,FALSE
-5.18,0,0,TRUE,24/01/2024,0,600,5,M1,7.62,8,FingerTrap,1168128337,0,2,20,USDCAD-T,50,40:00.7,3,M5,0.08,FALSE
-3.87,0,0,TRUE,24/01/2024,0,600,5,M1,9.53,8,FingerTrap,1168130807,0,2.5,20,USDCAD-T,50,02:00.5,3,M5,0.08,FALSE
-4.05,0,0,TRUE,24/01/2024,0,600,5,M1,9.81,8,FingerTrap,1168130808,0,2.5,20,USDJPY-T,50,02:00.6,3,M5,0.18,FALSE
-3.75,0,0,TRUE,24/01/2024,0,600,5,M1,5.72,8,FingerTrap,1168130809,0,1.5,20,USDCAD-T,50,02:00.6,3,M5,0.08,FALSE
-3.81,0,0,TRUE,24/01/2024,0,600,5,M1,7.62,8,FingerTrap,1168130810,0,2,20,USDCAD-T,50,02:00.9,3,M5,0.08,FALSE
-4.17,0,0,TRUE,24/01/2024,0,600,5,M1,5.89,8,FingerTrap,1168130811,0,1.5,20,USDJPY-T,50,02:00.9,3,M5,0.18,FALSE
-4.17,0,0,TRUE,24/01/2024,0,600,5,M1,7.85,8,FingerTrap,1168130812,0,2,20,USDJPY-T,50,02:01.0,3,M5,0.18,FALSE
-4,0,0,TRUE,24/01/2024,0,600,5,M1,10,8,FingerTrap,1168132267,0,2.5,20,GBPUSD-T,50,24:00.3,3,M5,0.1,FALSE
-4,0,0,TRUE,24/01/2024,0,600,5,M1,10,8,FingerTrap,1168132268,0,2.5,20,AUDUSD-T,50,24:00.7,3,M5,0.1,FALSE
6,0,0,TRUE,24/01/2024,0,600,5,M1,6,8,FingerTrap,1168132269,0,1.5,20,GBPUSD-T,50,14:24:01,3,M5,0.1,TRUE
-4,0,0,TRUE,24/01/2024,0,600,5,M1,6,8,FingerTrap,1168132270,0,1.5,20,AUDUSD-T,50,24:01.0,3,M5,0.1,FALSE
-4,0,0,TRUE,24/01/2024,0,600,5,M1,8,8,FingerTrap,1168132273,0,2,20,AUDUSD-T,50,24:01.1,3,M5,0.1,FALSE
-3.9,0,0,TRUE,24/01/2024,0,600,5,M1,8,8,FingerTrap,1168132271,0,2,20,GBPUSD-T,50,24:01.1,3,M5,0.1,FALSE
-4,0,0,TRUE,24/01/2024,0,600,5,M1,10,8,FingerTrap,1168132326,0,2.5,20,GBPUSD-T,50,25:00.6,3,M5,0.1,FALSE
5.8,0,0,TRUE,24/01/2024,0,600,5,M1,6,8,FingerTrap,1168132327,0,1.5,20,GBPUSD-T,50,14:25:01,3,M5,0.1,TRUE
-4.2,0,0,TRUE,24/01/2024,0,600,5,M1,8,8,FingerTrap,1168132328,0,2,20,GBPUSD-T,50,25:00.8,3,M5,0.1,FALSE
-3.87,0,0,TRUE,24/01/2024,0,600,5,M1,9.53,8,FingerTrap,1168132458,0,2.5,20,USDCAD-T,50,27:00.3,3,M5,0.08,FALSE
-3.87,0,0,TRUE,24/01/2024,0,600,5,M1,5.72,8,FingerTrap,1168132460,0,1.5,20,USDCAD-T,50,27:00.4,3,M5,0.08,FALSE
-3.87,0,0,TRUE,24/01/2024,0,600,5,M1,7.62,8,FingerTrap,1168132463,0,2,20,USDCAD-T,50,27:00.5,3,M5,0.08,FALSE
-3.99,0,0,TRUE,24/01/2024,0,600,5,M1,9.53,8,FingerTrap,1168132780,0,2.5,20,USDCAD-T,50,30:00.9,3,M5,0.08,FALSE
-3.99,0,0,TRUE,24/01/2024,0,600,5,M1,5.72,8,FingerTrap,1168132786,0,1.5,20,USDCAD-T,50,30:01.1,3,M5,0.08,FALSE
-3.99,0,0,TRUE,24/01/2024,0,600,5,M1,7.62,8,FingerTrap,1168132791,0,2,20,USDCAD-T,50,30:01.4,3,M5,0.08,FALSE
-4,0,0,TRUE,24/01/2024,0,600,5,M1,10,8,FingerTrap,1168134797,0,2.5,20,AUDUSD-T,50,35:00.5,3,M5,0.1,FALSE
-4.4,0,0,TRUE,24/01/2024,0,600,5,M1,6,8,FingerTrap,1168134811,0,1.5,20,AUDUSD-T,50,35:00.8,3,M5,0.1,FALSE
-4.17,0,0,TRUE,24/01/2024,0,600,5,M1,9.53,8,FingerTrap,1168134804,0,2.5,20,USDCAD-T,50,35:00.8,3,M5,0.08,FALSE
-5,0,0,TRUE,24/01/2024,0,600,5,M1,8,8,FingerTrap,1168134818,0,2,20,AUDUSD-T,50,35:01.0,3,M5,0.1,FALSE
-4.29,0,0,TRUE,24/01/2024,0,600,5,M1,5.72,8,FingerTrap,1168134814,0,1.5,20,USDCAD-T,50,35:01.0,3,M5,0.08,FALSE
-4.17,0,0,TRUE,24/01/2024,0,600,5,M1,7.62,8,FingerTrap,1168134820,0,2,20,USDCAD-T,50,35:01.2,3,M5,0.08,FALSE
-4.17,0,0,TRUE,24/01/2024,0,600,5,M1,9.53,8,FingerTrap,1168135820,0,2.5,20,USDCAD-T,50,40:00.5,3,M5,0.08,FALSE
-4.17,0,0,TRUE,24/01/2024,0,600,5,M1,5.72,8,FingerTrap,1168135823,0,1.5,20,USDCAD-T,50,40:00.7,3,M5,0.08,FALSE
-4.17,0,0,TRUE,24/01/2024,0,600,5,M1,7.62,8,FingerTrap,1168135825,0,2,20,USDCAD-T,50,40:00.8,3,M5,0.08,FALSE
9.66,0,0,TRUE,24/01/2024,0,600,5,M1,9.5,8,FingerTrap,1168145371,0,2.5,20,USDCAD-T,50,15:29:00,3,M5,0.08,TRUE
5.75,0,0,TRUE,24/01/2024,0,600,5,M1,5.7,8,FingerTrap,1168145372,0,1.5,20,USDCAD-T,50,15:29:01,3,M5,0.08,TRUE
7.59,0,0,TRUE,24/01/2024,0,600,5,M1,7.6,8,FingerTrap,1168145373,0,2,20,USDCAD-T,50,15:29:01,3,M5,0.08,TRUE
9.54,0,0,TRUE,24/01/2024,0,600,5,M1,9.5,8,FingerTrap,1168145510,0,2.5,20,USDCAD-T,50,15:30:01,3,M5,0.08,TRUE
5.81,0,0,TRUE,24/01/2024,0,600,5,M1,5.7,8,FingerTrap,1168145526,0,1.5,20,USDCAD-T,50,15:30:01,3,M5,0.08,TRUE
7.59,0,0,TRUE,24/01/2024,0,600,5,M1,7.6,8,FingerTrap,1168145529,0,2,20,USDCAD-T,50,15:30:01,3,M5,0.08,TRUE
-3.8,0,0,TRUE,24/01/2024,0,600,5,M1,9.5,8,FingerTrap,1168145992,0,2.5,20,USDCAD-T,50,35:00.4,3,M5,0.08,FALSE
-3.86,0,0,TRUE,24/01/2024,0,600,5,M1,5.7,8,FingerTrap,1168145994,0,1.5,20,USDCAD-T,50,35:00.6,3,M5,0.08,FALSE
-3.86,0,0,TRUE,24/01/2024,0,600,5,M1,7.6,8,FingerTrap,1168145996,0,2,20,USDCAD-T,50,35:00.7,3,M5,0.08,FALSE
-4.33,0,0,TRUE,24/01/2024,0,600,5,M1,9.49,8,FingerTrap,1168147049,0,2.5,20,USDCAD-T,50,41:01.3,3,M5,0.08,FALSE
-4.4,0,0,TRUE,24/01/2024,0,600,5,M1,10,8,FingerTrap,1168147047,0,2.5,20,AUDUSD-T,50,41:01.2,3,M5,0.1,FALSE
-4.7,0,0,TRUE,24/01/2024,0,600,5,M1,6,8,FingerTrap,1168147050,0,1.5,20,AUDUSD-T,50,41:01.4,3,M5,0.1,FALSE
-4.33,0,0,TRUE,24/01/2024,0,600,5,M1,5.69,8,FingerTrap,1168147052,0,1.5,20,USDCAD-T,50,41:01.6,3,M5,0.08,FALSE
-4.7,0,0,TRUE,24/01/2024,0,600,5,M1,8,8,FingerTrap,1168147053,0,2,20,AUDUSD-T,50,41:01.7,3,M5,0.1,FALSE
-4.33,0,0,TRUE,24/01/2024,0,600,5,M1,7.59,8,FingerTrap,1168147054,0,2,20,USDCAD-T,50,41:01.7,3,M5,0.08,FALSE
-3.8,0,0,TRUE,24/01/2024,0,600,5,M1,9.5,8,FingerTrap,1168147055,0,2.5,20,NZDUSD-T,50,41:01.8,3,M5,0.05,FALSE
-3.8,0,0,TRUE,24/01/2024,0,600,5,M1,5.7,8,FingerTrap,1168147056,0,1.5,20,NZDUSD-T,50,41:02.0,3,M5,0.05,FALSE
-3.75,0,0,TRUE,24/01/2024,0,600,5,M1,7.6,8,FingerTrap,1168147057,0,2,20,NZDUSD-T,50,41:02.1,3,M5,0.05,FALSE
9.9,0,0,TRUE,24/01/2024,0,600,5,M1,9.78,8,FingerTrap,1168153042,0,2.5,20,USDJPY-T,50,16:29:00,3,M5,0.18,TRUE
6.11,0,0,TRUE,24/01/2024,0,600,5,M1,5.87,8,FingerTrap,1168153044,0,1.5,20,USDJPY-T,50,16:29:00,3,M5,0.18,TRUE
8.55,0,0,TRUE,24/01/2024,0,600,5,M1,7.82,8,FingerTrap,1168153045,0,2,20,USDJPY-T,50,16:29:01,3,M5,0.18,TRUE
-4.03,0,0,TRUE,24/01/2024,0,600,5,M1,9.78,8,FingerTrap,1168153180,0,2.5,20,USDJPY-T,50,30:00.6,3,M5,0.18,FALSE
-3.67,0,0,TRUE,24/01/2024,0,600,5,M1,5.87,8,FingerTrap,1168153190,0,1.5,20,USDJPY-T,50,30:00.8,3,M5,0.18,FALSE
-4,0,0,TRUE,24/01/2024,0,600,5,M1,10,8,FingerTrap,1168154203,0,2.5,20,AUDUSD-T,50,44:00.4,3,M5,0.1,FALSE
-4,0,0,TRUE,24/01/2024,0,600,5,M1,6,8,FingerTrap,1168154207,0,1.5,20,AUDUSD-T,50,44:00.5,3,M5,0.1,FALSE
-4,0,0,TRUE,24/01/2024,0,600,5,M1,8,8,FingerTrap,1168154208,0,2,20,AUDUSD-T,50,44:00.6,3,M5,0.1,FALSE
-3.9,0,0,TRUE,24/01/2024,0,600,5,M1,9.5,8,FingerTrap,1168154290,0,2.5,20,NZDUSD-T,50,45:00.8,3,M5,0.05,FALSE
-4,0,0,TRUE,24/01/2024,0,600,5,M1,10,8,FingerTrap,1168154304,0,2.5,20,AUDUSD-T,50,45:01.1,3,M5,0.1,FALSE
-3.9,0,0,TRUE,24/01/2024,0,600,5,M1,6,8,FingerTrap,1168154307,0,1.5,20,AUDUSD-T,50,45:01.2,3,M5,0.1,FALSE
-3.9,0,0,TRUE,24/01/2024,0,600,5,M1,5.7,8,FingerTrap,1168154302,0,1.5,20,NZDUSD-T,50,45:01.3,3,M5,0.05,FALSE
-3.9,0,0,TRUE,24/01/2024,0,600,5,M1,7.6,8,FingerTrap,1168154309,0,2,20,NZDUSD-T,50,45:01.4,3,M5,0.05,FALSE
-4.28,0,0,TRUE,24/01/2024,0,600,5,M1,9.77,8,FingerTrap,1168154299,0,2.5,20,USDJPY-T,50,45:01.4,3,M5,0.18,FALSE
-3.8,0,0,TRUE,24/01/2024,0,600,5,M1,8,8,FingerTrap,1168154308,0,2,20,AUDUSD-T,50,45:01.5,3,M5,0.1,FALSE
-4.15,0,0,TRUE,24/01/2024,0,600,5,M1,5.86,8,FingerTrap,1168154310,0,1.5,20,USDJPY-T,50,45:01.6,3,M5,0.18,FALSE
-4.15,0,0,TRUE,24/01/2024,0,600,5,M1,7.82,8,FingerTrap,1168154311,0,2,20,USDJPY-T,50,45:01.7,3,M5,0.18,FALSE
-4,0,0,TRUE,24/01/2024,0,600,5,M1,10,8,FingerTrap,1168154608,0,2.5,20,GBPUSD-T,50,51:00.5,3,M5,0.1,FALSE
-3.9,0,0,TRUE,24/01/2024,0,600,5,M1,6,8,FingerTrap,1168154609,0,1.5,20,GBPUSD-T,50,51:00.6,3,M5,0.1,FALSE
-3.9,0,0,TRUE,24/01/2024,0,600,5,M1,8,8,FingerTrap,1168154610,0,2,20,GBPUSD-T,50,51:00.7,3,M5,0.1,FALSE
-5.28,0,0,TRUE,24/01/2024,0,600,5,M1,9.9,8,FingerTrap,1168156384,0,2.5,20,EURUSD-T,50,16:00.3,3,M5,0.33,FALSE
-5.61,0,0,TRUE,24/01/2024,0,600,5,M1,5.94,8,FingerTrap,1168156387,0,1.5,20,EURUSD-T,50,16:00.5,3,M5,0.33,FALSE
-4.7,0,0,TRUE,24/01/2024,0,600,5,M1,10,8,FingerTrap,1168157927,0,2.5,20,GBPUSD-T,50,34:00.4,3,M5,0.1,FALSE
-4.7,0,0,TRUE,24/01/2024,0,600,5,M1,6,8,FingerTrap,1168157929,0,1.5,20,GBPUSD-T,50,34:00.5,3,M5,0.1,FALSE
-4.7,0,0,TRUE,24/01/2024,0,600,5,M1,8,8,FingerTrap,1168157930,0,2,20,GBPUSD-T,50,34:00.6,3,M5,0.1,FALSE
-4.1,0,0,TRUE,24/01/2024,0,600,5,M1,10,8,FingerTrap,1168158348,0,2.5,20,AUDUSD-T,50,39:00.5,3,M5,0.1,FALSE
-3.85,0,0,TRUE,24/01/2024,0,600,5,M1,9.5,8,FingerTrap,1168158349,0,2.5,20,NZDUSD-T,50,39:00.5,3,M5,0.05,FALSE
-4.1,0,0,TRUE,24/01/2024,0,600,5,M1,6,8,FingerTrap,1168158351,0,1.5,20,AUDUSD-T,50,39:00.8,3,M5,0.1,FALSE
-3.85,0,0,TRUE,24/01/2024,0,600,5,M1,5.7,8,FingerTrap,1168158352,0,1.5,20,NZDUSD-T,50,39:01.0,3,M5,0.05,FALSE
-4.2,0,0,TRUE,24/01/2024,0,600,5,M1,8,8,FingerTrap,1168158354,0,2,20,AUDUSD-T,50,39:01.0,3,M5,0.1,FALSE
-3.85,0,0,TRUE,24/01/2024,0,600,5,M1,9.5,8,FingerTrap,1168158765,0,2.5,20,NZDUSD-T,50,45:00.9,3,M5,0.05,FALSE
-3.85,0,0,TRUE,24/01/2024,0,600,5,M1,5.7,8,FingerTrap,1168158766,0,1.5,20,NZDUSD-T,50,45:01.2,3,M5,0.05,FALSE
-3.85,0,0,TRUE,24/01/2024,0,600,5,M1,7.6,8,FingerTrap,1168158769,0,2,20,NZDUSD-T,50,45:01.4,3,M5,0.05,FALSE
-2.8,0,0,TRUE,24/01/2024,0,600,5,M1,10,8,FingerTrap,1168158893,0,2.5,20,AUDUSD-T,50,49:00.3,3,M5,0.1,FALSE
-2.8,0,0,TRUE,24/01/2024,0,600,5,M1,6,8,FingerTrap,1168158894,0,1.5,20,AUDUSD-T,50,49:00.4,3,M5,0.1,FALSE
-4.05,0,0,TRUE,24/01/2024,0,600,5,M1,9.5,8,FingerTrap,1168159036,0,2.5,20,NZDUSD-T,50,50:00.5,3,M5,0.05,FALSE
-4,0,0,TRUE,24/01/2024,0,600,5,M1,5.7,8,FingerTrap,1168159038,0,1.5,20,NZDUSD-T,50,50:00.6,3,M5,0.05,FALSE
-4.1,0,0,TRUE,24/01/2024,0,600,5,M1,7.6,8,FingerTrap,1168159040,0,2,20,NZDUSD-T,50,50:00.8,3,M5,0.05,FALSE
2.05,0,0,TRUE,24/01/2024,0,600,5,M1,9.5,8,FingerTrap,1168161549,0,2.5,20,NZDUSD-T,50,18:12:01,3,M5,0.05,TRUE
2.05,0,0,TRUE,24/01/2024,0,600,5,M1,5.7,8,FingerTrap,1168161550,0,1.5,20,NZDUSD-T,50,18:12:01,3,M5,0.05,TRUE
2.05,0,0,TRUE,24/01/2024,0,600,5,M1,7.6,8,FingerTrap,1168161551,0,2,20,NZDUSD-T,50,18:12:01,3,M5,0.05,TRUE
10,0,0,TRUE,24/01/2024,0,600,5,M1,10,8,FingerTrap,1168163673,0,2.5,20,AUDUSD-T,50,18:40:00,3,M5,0.1,TRUE
-4,0,0,TRUE,24/01/2024,0,600,5,M1,10,8,FingerTrap,1168167716,0,2.5,20,AUDUSD-T,50,38:00.4,3,M5,0.1,FALSE
-4,0,0,TRUE,24/01/2024,0,600,5,M1,6,8,FingerTrap,1168167717,0,1.5,20,AUDUSD-T,50,38:00.5,3,M5,0.1,FALSE
-4,0,0,TRUE,24/01/2024,0,600,5,M1,8,8,FingerTrap,1168167718,0,2,20,AUDUSD-T,50,38:00.6,3,M5,0.1,FALSE
-3.7,0,0,TRUE,24/01/2024,0,600,5,M1,9.5,8,FingerTrap,1168167898,0,2.5,20,NZDUSD-T,50,42:00.4,3,M5,0.05,FALSE
-2.8,0,0,TRUE,24/01/2024,0,600,5,M1,10,8,FingerTrap,1168170742,0,2.5,20,AUDUSD-T,50,20:00.5,3,M5,0.1,FALSE
-0.7,0,0,TRUE,24/01/2024,0,600,5,M1,10,8,FingerTrap,1168172178,0,2.5,20,AUDUSD-T,50,54:00.5,3,M5,0.1,FALSE
-4.1,0,0,TRUE,24/01/2024,0,600,5,M1,10,8,FingerTrap,1168172525,0,2.5,20,AUDUSD-T,50,58:00.4,3,M5,0.1,FALSE
